,bathroom,bedroom,code,date,description,direct,floor,ground_area,juridical,kitchen,length,link_image,livingroom,name_project,parking,price,road_width,specific_address,terrace,title,type,url_page,usable_area,width,ward,district,province,street
0, KhÃ´ng,3 pn, MS279197,,None,,3 t, 0 m,Há»£p Ä‘á»“ng mua bÃ¡n, CÃ³, 0 m,https://nhadat24h.net.vn/storage/product/14528/z3637911598846-3cbb3896faefdfd7e0c7ea1a3a42b3c0-copy-copy-copy-2-copy-copy-1.jpg, CÃ³, Cáº¦N BÃN Gáº¤P Ráº¤T Gáº¤P CÄ‚N Há»˜ 3PN EMPIRE CITY THá»¦ THIÃŠM, KhÃ´ng,0, 1 m,"ÄÆ°á»ng Mai ChÃ­ Thá», Thá»§ ThiÃªm", KhÃ´ng,Cáº¦N BÃN Gáº¤P Ráº¤T Gáº¤P CÄ‚N Há»˜ 3PN EMPIRE CITY THá»¦ THIÃŠM,1,https://nhadat24h.net.vn/du-an/can-ban-gap-rat-gap-can-ho-3pn-empire-city-thu-thiem/279197, 0 m, 0 m,Thá»§ ThiÃªm,2,Há»“ ChÃ­ Minh,None
1, KhÃ´ng,0, MS279351,,None,,0, 0 m,Sá»• Äá», CÃ³, 0 m,https://nhadat24h.net.vn/storage/product/5273/z4916943543398-894cbb0f997fdeda9c6f83a4be11d589.jpg, CÃ³, CHÃNH CHá»¦ SANG NHÆ¯á»¢NG QUÃN BÃNH Má»² MAI Dá»ŠCH - Cáº¦U GIáº¤Y - HÃ€ Ná»˜I, KhÃ´ng,0, 10 m,"ÄÆ°á»ng Tráº§n BÃ¬nh, Mai Dá»‹ch", KhÃ´ng,CHÃNH CHá»¦ SANG NHÆ¯á»¢NG QUÃN BÃNH Má»² MAI Dá»ŠCH - Cáº¦U GIáº¤Y - HÃ€ Ná»˜I,1,https://nhadat24h.net.vn/du-an/chinh-chu-sang-nhuong-quan-banh-my-mai-dich-cau-giay-ha-noi/279351, 0 m, 0 m,Mai Dá»‹ch,Cáº§u Giáº¥y,HÃ  Ná»™i,Tráº§n BÃ¬nh
2, CÃ³,5 pn, MS279207,,None,ÄÃ´ng Nam,4 t, 55 m,Sá»• Äá», CÃ³, 14 m,https://nhadat24h.net.vn/storage/product/8400/2-1.jpg, CÃ³," ChÃ­nh chá»§ cáº§n cho thuÃª nhÃ  4 táº§ng + 1 tum táº¡i Äá»“ng Me, Nam Tá»« LiÃªm, HÃ  Ná»™i", KhÃ´ng,0, 2.5 m,"ÄÆ°á»ng Äá»“ng Me, Má»¹ ÄÃ¬nh1", KhÃ´ng,"ChÃ­nh chá»§ cáº§n cho thuÃª nhÃ  4 táº§ng + 1 tum táº¡i Äá»“ng Me, Nam Tá»« LiÃªm, HÃ  Ná»™i",1,https://nhadat24h.net.vn/du-an/chinh-chu-can-cho-thue-nha-4-tang-1-tum-tai-dong-me-nam-tu-liem-ha-noi/279207, 55 m, 4 m,None,Nam Tá»« LiÃªm,HÃ  Ná»™i,Äá»“ng Me
3, CÃ³,2 pn, MS279208,,None,,5 t, 44 m,Sá»• Há»“ng, CÃ³, 11 m,https://nhadat24h.net.vn/storage/product/16030/a1-16.jpg, CÃ³," NhÃ  2 táº§ng 5PN SÆ° Váº¡n Háº¡nh, 10 tr/th", KhÃ´ng,0, 20 m,"ÄÆ°á»ng SÆ° Váº¡n Háº¡nh, 15", KhÃ´ng,"NhÃ  2 táº§ng 5PN SÆ° Váº¡n Háº¡nh, 10 tr/th",1,https://nhadat24h.net.vn/du-an/nha-2-tang-5pn-su-van-hanh-10-trth/279208, 44 m, 4 m,15,10,Há»“ ChÃ­ Minh,SÆ° Váº¡n Háº¡nh
4, CÃ³,2 pn, MS279257,,None,,3 t, 140 m,Há»£p Ä‘á»“ng mua bÃ¡n, CÃ³, 0 m,https://nhadat24h.net.vn/storage/product/11613/1-34.jpg, CÃ³, Cho thuÃª nhÃ  NguyÃªn cÄƒn â€“ XuÃ¢n Láº¡c 2 â€“ VÄ©nh Ngá»c â€“ Nha Trang â€“ KhÃ¡nh HÃ²a., KhÃ´ng,0, 1 m,"ÄÆ°á»ng XuÃ¢n Láº¡c 2, VÄ©nh Ngá»c", KhÃ´ng,Cho thuÃª nhÃ  NguyÃªn cÄƒn â€“ XuÃ¢n Láº¡c 2 â€“ VÄ©nh Ngá»c â€“ Nha Trang â€“ KhÃ¡nh HÃ²a.,1,https://nhadat24h.net.vn/du-an/cho-thue-nha-nguyen-can-xuan-lac-2-vinh-ngoc-nha-trang-khanh-hoa/279257, 140 m, 0 m,VÄ©nh Ngá»c,None,KhÃ¡nh HÃ²a,XuÃ¢n Láº¡c 2
5, CÃ³,2 pn, MS279295,,None,,4 t, 0 m,Sá»• Äá», CÃ³, 0 m,https://nhadat24h.net.vn/storage/product/2001/z4919361116876-5c781038b5989b928cf7ad0e6eddad1d.jpg, CÃ³," CHÃNH CHá»¦ CHO THUÃŠ NHÃ€ NGUYÃŠN CÄ‚N Táº I ÄÆ¯á»œNG 55, KDC 586, QUáº¬N CÃI RÄ‚NG, Cáº¦N THÆ ", KhÃ´ng,0, 10 m,"ÄÆ°á»ng Sá»‘ 55, PhÃº Thá»©", KhÃ´ng,"CHÃNH CHá»¦ CHO THUÃŠ NHÃ€ NGUYÃŠN CÄ‚N Táº I ÄÆ¯á»œNG 55, KDC 586, QUáº¬N CÃI RÄ‚NG, Cáº¦N THÆ ",1,https://nhadat24h.net.vn/du-an/chinh-chu-cho-thue-nha-nguyen-can-tai-duong-55-kdc-586-quan-cai-rang-can-tho/279295, 0 m, 0 m,PhÃº Thá»©,CÃ¡i RÄƒng,Cáº§n ThÆ¡,sá»‘ 55
6, CÃ³,2 pn, MS279307,,None,,3 t, 450 m,Sá»• Äá», CÃ³, 7 m,https://nhadat24h.net.vn/storage/product/12817/1-91.jpg, CÃ³," ChÃ­nh chá»§ cho thuÃª sÃ n vÄƒn phÃ²ng rá»™ng 450m2 táº¡i CT6 VÄƒn KhÃª, HÃ  ÄÃ´ng", KhÃ´ng,0, 1 m,"ÄÆ°á»ng 19 thÃ¡ng 5, La KhÃª", KhÃ´ng,"ChÃ­nh chá»§ cho thuÃª sÃ n vÄƒn phÃ²ng rá»™ng 450m2 táº¡i CT6 VÄƒn KhÃª, HÃ  ÄÃ´ng",1,https://nhadat24h.net.vn/du-an/chinh-chu-cho-thue-san-van-phong-rong-450m2-tai-ct6-van-khe-ha-dong/279307, 450 m, 5 m,La KhÃª,HÃ  ÄÃ´ng,HÃ  Ná»™i,19 thÃ¡ng 5
7, CÃ³,2 pn, MS279321,,None,,3 t, 55 m,Sá»• Há»“ng, CÃ³, 15.5 m,https://nhadat24h.net.vn/storage/product/1363/1-71.jpg, CÃ³," NhÃ  thuÃª Trá»‡t, lá»­ng - 55m2 - háº»m Ã´ tÃ´ 157 DÆ°Æ¡ng BÃ¡ Tráº¡c P1Q8 - GiÃ¡ 8,5 triá»‡u/ th", KhÃ´ng,0, 6 m,"ÄÆ°á»ng DÆ°Æ¡ng BÃ¡ Tráº¡c, 1", KhÃ´ng,"NhÃ  thuÃª Trá»‡t, lá»­ng - 55m2 - háº»m Ã´ tÃ´ 157 DÆ°Æ¡ng BÃ¡ Tráº¡c P1Q8 - GiÃ¡ 8,5 triá»‡u/ th",1,https://nhadat24h.net.vn/du-an/nha-thue-tret-lung-55m2-hem-o-to-157-duong-ba-trac-p1q8-gia-85-trieu-th/279321, 55 m, 3.4 m,01,8,Há»“ ChÃ­ Minh,DÆ°Æ¡ng BÃ¡ Tráº¡c
8, CÃ³,1 pn, MS279482,,None,,1 t, 90 m,Sá»• Äá», CÃ³, 7.5 m,https://nhadat24h.net.vn/storage/product/6761/z4919976469396-b3921ac99be5a81101b5b8ded21ef9cf.jpg, CÃ³," SANG NHÆ¯á»¢NG TIá»†M TRÃ€ CHANH Äá»ŠA CHá»ˆ KHU ÄÃ” THá»Š RESCO Cá»” NHUáº¾, TÃ’A OCT5A, Báº®C Tá»ª LIÃŠM, HÃ€ Ná»˜I", KhÃ´ng,0, 10 m,"ÄÆ°á»ng Cá»• Nhuáº¿, Cá»• Nhuáº¿ 1", KhÃ´ng,"SANG NHÆ¯á»¢NG TIá»†M TRÃ€ CHANH Äá»ŠA CHá»ˆ KHU ÄÃ” THá»Š RESCO Cá»” NHUáº¾, TÃ’A OCT5A, Báº®C Tá»ª LIÃŠM, HÃ€ Ná»˜I",1,https://nhadat24h.net.vn/du-an/sang-nhuong-tiem-tra-chanh-dia-chi-khu-do-thi-resco-co-nhue-toa-oct5a-bac-tu-liem-ha-noi/279482, 90 m, 12 m,None,None,HÃ  Ná»™i,None
9, CÃ³,1 pn, MS279548,,None,ÄÃ´ng Báº¯c,1 t, 45 m,Sá»• Äá», CÃ³, 0 m,https://nhadat24h.net.vn/storage/product/15394/2eb67144-c4c3-4721-ad34-527cab804cec.jpg, CÃ³, CHO THUÃŠ CÄ‚N Há»˜ 1 NGá»¦ +1 HÆ¯á»šNG ÄÃ”NG NAM FULL Äá»’ VIEW Äáº¸P Táº I VINHOMES OCEAN PARK, KhÃ´ng,0, 1 m,"ÄÆ°á»ng Äa Tá»‘n, Äa Tá»‘n", KhÃ´ng,CHO THUÃŠ CÄ‚N Há»˜ 1 NGá»¦ +1 HÆ¯á»šNG ÄÃ”NG NAM FULL Äá»’ VIEW Äáº¸P Táº I VINHOMES OCEAN PARK,1,https://nhadat24h.net.vn/du-an/cho-thue-can-ho-1-ngu-1-huong-dong-nam-full-do-view-dep-tai-vinhomes-ocean-park/279548, 45 m, 0 m,Äa Tá»‘n,Gia LÃ¢m,HÃ  Ná»™i,Äa Tá»‘n
10, CÃ³,10 pn, MS279077,,None,,2 t, 250 m,Sá»• Äá», CÃ³, 25 m,https://nhadat24h.net.vn/storage/product/6191/z4907812581259-b9295582e7f9a84dc270083336283bb1.jpg, CÃ³, CHO THUÃŠ VÄƒn PhÃ²ng TÃ²a nhÃ  má»›i - View sÃ´ng - 60-150-180-250m2 - Ä‘Æ°á»ng Báº CH Äáº°NG - Q.Háº¢I CHÃ‚U, KhÃ´ng,0, 1 m,"ÄÆ°á»ng Báº¡ch Äáº±ng, Háº£i ChÃ¢u I", KhÃ´ng,CHO THUÃŠ VÄƒn PhÃ²ng TÃ²a nhÃ  má»›i - View sÃ´ng - 60-150-180-250m2 - Ä‘Æ°á»ng Báº CH Äáº°NG - Q.Háº¢I CHÃ‚U,1,https://nhadat24h.net.vn/du-an/cho-thue-van-phong-toa-nha-moi-view-song-60-150-180-250m2-duong-bach-dang-qhai-chau/279077, 250 m, 10 m,Háº£i ChÃ¢u I,Háº£i ChÃ¢u,ÄÃ  Náºµng,BaÌ£ch ÄÄƒÌ€ng
11, CÃ³,1 pn, MS279371,,None,,1 t, 100 m,Sá»• Há»“ng, CÃ³, 25 m,https://nhadat24h.net.vn/storage/product/16078/a4-2.jpg, CÃ³, ğŸ’¥ Máº·t tiá»n KD Ä‘Æ°á»ng Ã‚u CÆ¡ giÃ¡p ngÃ£ 3 TrÆ°Æ¡ng CÃ´ng Äá»‹nh - 15 tr/th, KhÃ´ng,0, 20 m,"ÄÆ°á»ng Ã‚u CÆ¡, 14", KhÃ´ng,ğŸ’¥ Máº·t tiá»n KD Ä‘Æ°á»ng Ã‚u CÆ¡ giÃ¡p ngÃ£ 3 TrÆ°Æ¡ng CÃ´ng Äá»‹nh - 15 tr/th,1,https://nhadat24h.net.vn/du-an/mat-tien-kd-duong-au-co-giap-nga-3-truong-cong-dinh-15-trth/279371, 100 m, 4 m,14,TÃ¢n BÃ¬nh,Há»“ ChÃ­ Minh,Ã‚u CÆ¡
12, CÃ³,4 pn, MS278850,,None,,2 t, 16 m,Sá»• Há»“ng, CÃ³, 4 m,https://nhadat24h.net.vn/storage/product/16078/z4916735951384-9b006d908b9c2ab2298de00829bf3b6e.jpg, CÃ³," ğŸ’¥ NhÃ  4 táº§ng Máº·t tiá»n Ä‘Æ°á»ng HoÃ ng Sa, Q3 - 18 tr/th", KhÃ´ng,0, 15 m,"ÄÆ°á»ng HoÃ ng Sa, 11", KhÃ´ng,"ğŸ’¥ NhÃ  4 táº§ng Máº·t tiá»n Ä‘Æ°á»ng HoÃ ng Sa, Q3 - 18 tr/th",1,https://nhadat24h.net.vn/du-an/nha-4-tang-mat-tien-duong-hoang-sa-q3-18-trth/278850, 16 m, 4.5 m,11,3,Há»“ ChÃ­ Minh,HoÃ ng Sa
13, CÃ³,2 pn, MS278800,,None,,1 t, 35 m,Sá»• Äá», CÃ³, 0 m,https://nhadat24h.net.vn/storage/product/13407/z4917356247347-9879464d2efdc894c46630ac32233b88.jpg, CÃ³," ChÃ­nh chá»§ cho thuÃª nhÃ  táº¡i Ä‘Æ°á»ng sá»‘ 4, phÆ°á»ng Hiá»‡p BÃ¬nh ChÃ¡nh, quáº­n Thá»§ Äá»©c, TP Há»“ ChÃ­ Min", KhÃ´ng,0, 5 m,"ÄÆ°á»ng Sá»‘ 4, Hiá»‡p BÃ¬nh ChÃ¡nh", KhÃ´ng,"ChÃ­nh chá»§ cho thuÃª nhÃ  táº¡i Ä‘Æ°á»ng sá»‘ 4, phÆ°á»ng Hiá»‡p BÃ¬nh ChÃ¡nh, quáº­n Thá»§ Äá»©c, TP Há»“ ChÃ­ Min",1,https://nhadat24h.net.vn/du-an/chinh-chu-cho-thue-nha-tai-duong-so-4-phuong-hiep-binh-chanh-quan-thu-duc-tp-ho-chi-min/278800, 35 m, 0 m,Hiá»‡p BÃ¬nh ChÃ¡nh,Thá»§ Äá»©c,Há»“ ChÃ­ Minh,None
14, CÃ³,1 pn, MS279451,,None,TÃ¢y Nam,1 t, 30 m,Sá»• Äá», CÃ³, 0 m,https://nhadat24h.net.vn/storage/product/15387/5285cb2e-7ced-476e-9162-c1c41c86201d.jpg, CÃ³, CHO THUÃŠ CÄ‚N Há»˜ STUDIO BÃŠN RUBY Táº I VINHOMES OCEAN PARK GIáº¤ Ráºº Æ¯U ÄÃƒI FUL Ná»˜I THáº¤T Má»šI, KhÃ´ng,0, 1 m,"ÄÆ°á»ng Äa Tá»‘n, Äa Tá»‘n", KhÃ´ng,CHO THUÃŠ CÄ‚N Há»˜ STUDIO BÃŠN RUBY Táº I VINHOMES OCEAN PARK GIáº¤ Ráºº Æ¯U ÄÃƒI FUL Ná»˜I THáº¤T Má»šI,1,https://nhadat24h.net.vn/du-an/cho-thue-can-ho-studio-ben-ruby-tai-vinhomes-ocean-park-gia-re-uu-dai-ful-noi-that-moi/279451, 30 m, 0 m,Äa Tá»‘n,Gia LÃ¢m,HÃ  Ná»™i,Äa Tá»‘n
15, CÃ³,2 pn, MS278814,,None,,3 t, 1 m,Sá»• Äá», CÃ³, 7 m,https://nhadat24h.net.vn/storage/product/12817/chinh-chu-can-sang-mat-bang-kinh-doanh-tai-hoc-mon-c.jpg, CÃ³, ChÃ­nh Chá»§ cáº§n sang máº·t báº±ng kinh doanh táº¡i HÃ³c MÃ´n, KhÃ´ng,0, 1 m,"ÄÆ°á»ng Song HÃ nh, HÃ³c MÃ´n", KhÃ´ng,ChÃ­nh Chá»§ cáº§n sang máº·t báº±ng kinh doanh táº¡i HÃ³c MÃ´n,1,https://nhadat24h.net.vn/du-an/chinh-chu-can-sang-mat-bang-kinh-doanh-tai-hoc-mon/278814, 1 m, 5 m,None,HÃ³c MÃ´n,Há»“ ChÃ­ Minh,Song HÃ nh
16, CÃ³,4 pn, MS278812,,None,,4 t, 192 m,Sá»• Há»“ng, CÃ³, 12 m,https://nhadat24h.net.vn/storage/product/14669/a5-2.jpg, CÃ³, NhÃ  4 táº§ng MTKD Nguyá»…n PhÃºc Chu - 4pn 6wc, KhÃ´ng,0, 15 m,"ÄÆ°á»ng Nguyá»…n PhÃºc Chu, 15", KhÃ´ng,NhÃ  4 táº§ng MTKD Nguyá»…n PhÃºc Chu - 4pn 6wc,1,https://nhadat24h.net.vn/du-an/nha-4-tang-mtkd-nguyen-phuc-chu-4pn-6wc/278812, 192 m, 4 m,15,TÃ¢n BÃ¬nh,Há»“ ChÃ­ Minh,Nguyá»…n PhÃºc Chu
17, CÃ³,4 pn, MS278809,,None,,2 t, 16 m,Sá»• Há»“ng, CÃ³, 4 m,https://nhadat24h.net.vn/storage/product/14669/z4916735951384-9b006d908b9c2ab2298de00829bf3b6e.jpg, CÃ³," NhÃ  Ä‘áº¹p 4 táº§ng MTKD HoÃ ng Sa, Q3 - 18 tr/th", KhÃ´ng,0, 15 m,"ÄÆ°á»ng HoÃ ng Sa, 11", KhÃ´ng,"NhÃ  Ä‘áº¹p 4 táº§ng MTKD HoÃ ng Sa, Q3 - 18 tr/th",1,https://nhadat24h.net.vn/du-an/nha-dep-4-tang-mtkd-hoang-sa-q3-18-trth/278809, 16 m, 4.5 m,11,3,Há»“ ChÃ­ Minh,HoÃ ng Sa
18, CÃ³,1 pn, MS278630,,None,,1 t, 20 m,Há»£p Ä‘á»“ng mua bÃ¡n, CÃ³, 0 m,https://nhadat24h.net.vn/storage/product/8348/1-22.jpg, CÃ³," Cho thuÃª láº¡i PhÃ²ng Ä‘áº§y Ä‘á»§ tiá»‡n nghi táº¡i 384 DÆ°Æ¡ng BÃ¡ Tráº¡c, P1, Quáº­n 8", KhÃ´ng,0, 8 m,"ÄÆ°á»ng DÆ°Æ¡ng BÃ¡ Tráº¡c, 1", KhÃ´ng,"Cho thuÃª láº¡i PhÃ²ng Ä‘áº§y Ä‘á»§ tiá»‡n nghi táº¡i 384 DÆ°Æ¡ng BÃ¡ Tráº¡c, P1, Quáº­n 8",1,https://nhadat24h.net.vn/du-an/cho-thue-lai-phong-day-du-tien-nghi-tai-384-duong-ba-trac-p1-quan-8/278630, 20 m, 0 m,01,8,Há»“ ChÃ­ Minh,DÆ°Æ¡ng BÃ¡ Tráº¡c
19, CÃ³,2 pn, MS278633,,None,,3 t, 25 m,Sá»• Äá», CÃ³, 7 m,https://nhadat24h.net.vn/storage/product/12817/z4916191534830-f4d246dbd26b767e6c642731a0e074ca.jpg, CÃ³, Cáº¦N CHO THUÃŠ PHÃ’NG TRá»Œ Má»šI TINH GIÃ CHá»ˆ 2tr5 táº¡i sá»‘ sá»‘ 11b NgÃµ 280/80a Phan Trá»ng Tuá»‡, KhÃ´ng,0, 1 m,"ÄÆ°á»ng Phan Trá»ng Tuá»‡, VÄƒn Äiá»ƒn", KhÃ´ng,Cáº¦N CHO THUÃŠ PHÃ’NG TRá»Œ Má»šI TINH GIÃ CHá»ˆ 2tr5 táº¡i sá»‘ sá»‘ 11b NgÃµ 280/80a Phan Trá»ng Tuá»‡,1,https://nhadat24h.net.vn/du-an/can-cho-thue-phong-tro-moi-tinh-gia-chi-2tr5-tai-so-so-11b-ngo-28080a-phan-trong-tue/278633, 25 m, 5 m,None,Thanh TrÃ¬,HÃ  Ná»™i,None
20, KhÃ´ng,0, MS278650,,None,,0, 70 m,Sá»• Äá», CÃ³, 0 m,https://nhadat24h.net.vn/, CÃ³," Cáº¦N CHO THUÃŠ Máº¶T Báº°NG KINH DOANH Táº I 203 VÄ¨NH HÆ¯NG CÃ“ CHá»– Äá»‚ XE, Vá»ˆA HÃˆ Rá»˜NG.", KhÃ´ng,0, 7 m,"ÄÆ°á»ng Há»“ Äá»n Lá»«, VÄ©nh HÆ°ng", KhÃ´ng,"Cáº¦N CHO THUÃŠ Máº¶T Báº°NG KINH DOANH Táº I 203 VÄ¨NH HÆ¯NG CÃ“ CHá»– Äá»‚ XE, Vá»ˆA HÃˆ Rá»˜NG.",1,https://nhadat24h.net.vn/du-an/can-cho-thue-mat-bang-kinh-doanh-tai-203-vinh-hung-co-cho-de-xe-via-he-rong/278650, 70 m, 0 m,VÄ©nh HÆ°ng,HoÃ ng Mai,HÃ  Ná»™i,Há»“ Äá»n Lá»«
21, CÃ³,2 pn, MS278651,,None,,3 t, 45 m,Sá»• Äá», CÃ³, 7 m,https://nhadat24h.net.vn/storage/product/12817/chinh-chu-gui-tin-cho-thue-bat-dong-san-de-kinh-doanh-0.jpg, CÃ³, ChÃ­nh Chá»§ gá»­i tin Cho thuÃª báº¥t Ä‘á»™ng sáº£n Ä‘á»ƒ kinh doanh., KhÃ´ng,0, 1 m,"ÄÆ°á»ng Nguyá»…n ThÃ¡i SÆ¡n, 5", KhÃ´ng,ChÃ­nh Chá»§ gá»­i tin Cho thuÃª báº¥t Ä‘á»™ng sáº£n Ä‘á»ƒ kinh doanh.,1,https://nhadat24h.net.vn/du-an/chinh-chu-gui-tin-cho-thue-bat-dong-san-de-kinh-doanh/278651, 45 m, 5 m,05,GÃ² Váº¥p,Há»“ ChÃ­ Minh,Nguyá»…n ThÃ¡i SÆ¡n
22, KhÃ´ng,0, MS278682,,None,,0, 45 m,Sá»• Äá», CÃ³, 0 m,https://nhadat24h.net.vn/storage/product/5766/z4916358003355-653f736f57a9b7d9aa24759bc972e884.jpg, CÃ³," ChÃ­nh chá»§ cáº§n cho thuÃª cÄƒn há»™ chung cÆ° mini táº¡i ÄÆ°á»ng Äá»™i Cáº¥n, PhÆ°á»ng Ngá»c HÃ , Ba ÄÃ¬nh, HÃ  Ná»™i.", KhÃ´ng,0, 10 m,"ÄÆ°á»ng Äá»™i Cáº¥n, Ngá»c HÃ ", KhÃ´ng,"ChÃ­nh chá»§ cáº§n cho thuÃª cÄƒn há»™ chung cÆ° mini táº¡i ÄÆ°á»ng Äá»™i Cáº¥n, PhÆ°á»ng Ngá»c HÃ , Ba ÄÃ¬nh, HÃ  Ná»™i.",1,https://nhadat24h.net.vn/du-an/chinh-chu-can-cho-thue-can-ho-chung-cu-mini-tai-duong-doi-can-phuong-ngoc-ha-ba-dinh-ha-noi/278682, 45 m, 0 m,Ngá»c HÃ ,Ba ÄÃ¬nh,HÃ  Ná»™i,Äá»™i cáº¥n
23, CÃ³,1 pn, MS278707,,None,,1 t, 90 m,Sá»• Há»“ng, CÃ³, 18 m,https://nhadat24h.net.vn/storage/product/14669/a1-72.jpg, CÃ³, MTKD Ä‘Æ°á»ng Hiá»‡p Nháº¥t gáº§n ngÃ£ tÆ° Báº£y Hiá»n - 10 tr/th, KhÃ´ng,0, 10 m,"ÄÆ°á»ng Hiá»‡p Nháº¥t, 4", KhÃ´ng,MTKD Ä‘Æ°á»ng Hiá»‡p Nháº¥t gáº§n ngÃ£ tÆ° Báº£y Hiá»n - 10 tr/th,1,https://nhadat24h.net.vn/du-an/mtkd-duong-hiep-nhat-gan-nga-tu-bay-hien-10-trth/278707, 90 m, 5 m,04,TÃ¢n BÃ¬nh,Há»“ ChÃ­ Minh,Hiá»‡p Nháº¥t
24, KhÃ´ng,0, MS278698,,None,,2 t, 55 m,Há»£p Ä‘á»“ng mua bÃ¡n, CÃ³, 0 m,https://nhadat24h.net.vn/storage/product/11613/z4916291019405-043ce1a08fdb643552ba80e450c4785a.jpg, CÃ³," CHO THUÃŠ CÄ‚N Há»˜ CHUNG CÆ¯ HÃ€ KIá»€U 2PN, GIÃ Ráºº TRUNG TÃ‚M PHÆ¯á»œNG 5, QUáº¬N GÃ’ Váº¤P", KhÃ´ng,0, 1 m,"ÄÆ°á»ng Sá»‘ 20, 5", KhÃ´ng,"CHO THUÃŠ CÄ‚N Há»˜ CHUNG CÆ¯ HÃ€ KIá»€U 2PN, GIÃ Ráºº TRUNG TÃ‚M PHÆ¯á»œNG 5, QUáº¬N GÃ’ Váº¤P",1,https://nhadat24h.net.vn/du-an/cho-thue-can-ho-chung-cu-ha-kieu-2pn-gia-re-trung-tam-phuong-5-quan-go-vap/278698, 55 m, 0 m,05,GÃ² Váº¥p,Há»“ ChÃ­ Minh,Sá»‘ 20
25, CÃ³,1 pn, MS278721,,None,,1 t, 90 m,Sá»• Há»“ng, CÃ³, 18 m,https://nhadat24h.net.vn/storage/product/16078/a1-64.jpg, CÃ³, â™¥ï¸â™¥ï¸ Máº·t tiá»n kinh doanh gáº§n ngÃ£ tÆ° Báº£y Hiá»n - 10 tr/th, KhÃ´ng,0, 10 m,"ÄÆ°á»ng Hiá»‡p Nháº¥t, 4", KhÃ´ng,â™¥ï¸â™¥ï¸ Máº·t tiá»n kinh doanh gáº§n ngÃ£ tÆ° Báº£y Hiá»n - 10 tr/th,1,https://nhadat24h.net.vn/du-an/mat-tien-kinh-doanh-gan-nga-tu-bay-hien-10-trth/278721, 90 m, 5 m,04,TÃ¢n BÃ¬nh,Há»“ ChÃ­ Minh,Hiá»‡p Nháº¥t
26, CÃ³,4 pn, MS278713,,None,,5 t, 280 m,Sá»• Há»“ng, CÃ³, 14 m,https://nhadat24h.net.vn/storage/product/16078/z4910988729892-7cfe13254836f7ad26c1063cbc9f0f6a.jpg, CÃ³, NhÃ  4 táº§ng 2MT háº»m 8m sÃ¡t bÃªn Ä‘Æ°á»ng LÃ½ ThÆ°á»ng Kiá»‡t, KhÃ´ng,0, 10 m,"ÄÆ°á»ng TÃ¢n Trang, 9", KhÃ´ng,NhÃ  4 táº§ng 2MT háº»m 8m sÃ¡t bÃªn Ä‘Æ°á»ng LÃ½ ThÆ°á»ng Kiá»‡t,1,https://nhadat24h.net.vn/du-an/nha-4-tang-2mt-hem-8m-sat-ben-duong-ly-thuong-kiet/278713, 280 m, 5 m,09,TÃ¢n BÃ¬nh,Há»“ ChÃ­ Minh,TÃ¢n Trang
27, CÃ³,1 pn, MS278718,,None,,1 t, 90 m,Sá»• Há»“ng, CÃ³, 18 m,https://nhadat24h.net.vn/storage/product/16030/a1-15.jpg, CÃ³, Máº·t tiá»n kinh doanh gáº§n ngÃ£ tÆ° Báº£y Hiá»n - 10 tr/th, KhÃ´ng,0, 10 m,"ÄÆ°á»ng Hiá»‡p Nháº¥t, 4", KhÃ´ng,Máº·t tiá»n kinh doanh gáº§n ngÃ£ tÆ° Báº£y Hiá»n - 10 tr/th,1,https://nhadat24h.net.vn/du-an/mat-tien-kinh-doanh-gan-nga-tu-bay-hien-10-trth/278718, 90 m, 5 m,04,TÃ¢n BÃ¬nh,Há»“ ChÃ­ Minh,Hiá»‡p Nháº¥t
28, CÃ³,1 pn, MS278725,,None,,1 t, 90 m,Sá»• Há»“ng, CÃ³, 18 m,https://nhadat24h.net.vn/storage/product/16069/a1-21.jpg, CÃ³, ğŸ’¥ Máº·t tiá»n kinh doanh gáº§n ngÃ£ tÆ° Báº£y Hiá»n - 10 tr/th, KhÃ´ng,0, 10 m,"ÄÆ°á»ng Hiá»‡p Nháº¥t, 4", KhÃ´ng,ğŸ’¥ Máº·t tiá»n kinh doanh gáº§n ngÃ£ tÆ° Báº£y Hiá»n - 10 tr/th,1,https://nhadat24h.net.vn/du-an/mat-tien-kinh-doanh-gan-nga-tu-bay-hien-10-trth/278725, 90 m, 5 m,04,TÃ¢n BÃ¬nh,Há»“ ChÃ­ Minh,Hiá»‡p Nháº¥t
29, CÃ³,4 pn, MS278726,,None,,5 t, 280 m,Sá»• Há»“ng, CÃ³, 14 m,https://nhadat24h.net.vn/storage/product/16069/z4910988729892-7cfe13254836f7ad26c1063cbc9f0f6a.jpg, CÃ³," ğŸ’¥ NhÃ  Ä‘áº¹p 2MT háº»m 8m sÃ¡t bÃªn Ä‘Æ°á»ng LÃ½ ThÆ°á»ng Kiá»‡t, 5pn", KhÃ´ng,0, 10 m,"ÄÆ°á»ng TÃ¢n Trang, 9", KhÃ´ng,"ğŸ’¥ NhÃ  Ä‘áº¹p 2MT háº»m 8m sÃ¡t bÃªn Ä‘Æ°á»ng LÃ½ ThÆ°á»ng Kiá»‡t, 5pn",1,https://nhadat24h.net.vn/du-an/nha-dep-2mt-hem-8m-sat-ben-duong-ly-thuong-kiet-5pn/278726, 280 m, 5 m,09,TÃ¢n BÃ¬nh,Há»“ ChÃ­ Minh,TÃ¢n Trang
30, CÃ³,2 pn, MS278734,,None,,3 t, 50 m,Sá»• Äá», CÃ³, 7 m,https://nhadat24h.net.vn/storage/product/12817/z4916502834061-13dfc85f7f3cc23078f9914ecc6814c8.jpg, CÃ³, Cáº¦N SANG NHÆ¯á»¢NG Cá»¬A HÃ€NG táº¡i Má»— Lao - HÃ  ÄÃ´ng - HN, KhÃ´ng,0, 1 m,"ÄÆ°á»ng Tráº§n PhÃº, Má»™ Lao", KhÃ´ng,Cáº¦N SANG NHÆ¯á»¢NG Cá»¬A HÃ€NG táº¡i Má»— Lao - HÃ  ÄÃ´ng - HN,1,https://nhadat24h.net.vn/du-an/can-sang-nhuong-cua-hang-tai-mo-lao-ha-dong-hn/278734, 50 m, 5 m,Má»™ Lao,HÃ  ÄÃ´ng,HÃ  Ná»™i,Tráº§n PhÃº
31, CÃ³,2 pn, MS278739,,None,,3 t, 20 m,Sá»• Äá», CÃ³, 7 m,https://nhadat24h.net.vn/storage/product/12817/111.jpg, CÃ³," Cáº§n pass láº¡i phÃ²ng Ä/c: Thanh Liá»‡t - HoÃ ng Liá»‡t - HoÃ ng Mai, HÃ  Ná»™i", KhÃ´ng,0, 1 m,"ÄÆ°á»ng Thanh Liá»‡t, HoÃ ng Liá»‡t", KhÃ´ng,"Cáº§n pass láº¡i phÃ²ng Ä/c: Thanh Liá»‡t - HoÃ ng Liá»‡t - HoÃ ng Mai, HÃ  Ná»™i",1,https://nhadat24h.net.vn/du-an/can-pass-lai-phong-dc-thanh-liet-hoang-liet-hoang-mai-ha-noi/278739, 20 m, 5 m,HoÃ ng Liá»‡t,HoÃ ng Mai,HÃ  Ná»™i,Thanh Liá»‡t
32, CÃ³,2 pn, MS278816,,None,,3 t, 30 m,Sá»• Äá», CÃ³, 7 m,https://nhadat24h.net.vn/storage/product/12817/z4917386453528-8bf36840df699f2a957b76fc62fac37b.jpg, CÃ³, ChÃ­nh Chá»§ cáº§n pass láº¡i phÃ²ng táº¡i Quáº­n 12, KhÃ´ng,0, 1 m,"ÄÆ°á»ng TÃ¢n Thá»›i Hiá»‡p 1, TÃ¢n Thá»›i Nháº¥t", KhÃ´ng,ChÃ­nh Chá»§ cáº§n pass láº¡i phÃ²ng táº¡i Quáº­n 12,1,https://nhadat24h.net.vn/du-an/chinh-chu-can-pass-lai-phong-tai-quan-12/278816, 30 m, 5 m,TÃ¢n Thá»›i Nháº¥t,12,Há»“ ChÃ­ Minh,TÃ¢n Thá»›i Hiá»‡p 1
33, CÃ³,0, MS278747,,None,,2 t, 100 m,Sá»• Äá», CÃ³, 0 m,https://nhadat24h.net.vn/storage/product/2946/df97f244-6569-494a-b714-5fe0cf50f233.jpg, CÃ³, ChÃ­nh chá»§ Cho ThuÃª nhÃ  3 táº§ng tuyáº¿n 2 BÃ¹i viá»‡n  - Quáº­n Háº£i An - Háº£i PhÃ²ng, KhÃ´ng,0, 1 m,"ÄÆ°á»ng tuyáº¿n 2 BÃ¹i viá»‡n, Nam Háº£i", KhÃ´ng,ChÃ­nh chá»§ Cho ThuÃª nhÃ  3 táº§ng tuyáº¿n 2 BÃ¹i viá»‡n  - Quáº­n Háº£i An - Háº£i PhÃ²ng,1,https://nhadat24h.net.vn/du-an/chinh-chu-cho-thue-nha-3-tang-tuyen-2-bui-vien-quan-hai-an-hai-phong/278747, 100 m, 0 m,Nam Háº£i,Háº£i An,Háº£i PhÃ²ng,None
34, CÃ³,2 pn, MS278818,,None,,2 t, 92 m,Sá»• Há»“ng, CÃ³, 11 m,https://nhadat24h.net.vn/storage/product/14669/z4917417756866-8b2932d5f4a83e8357f06fcf36cba1c7.jpg, CÃ³, NhÃ  2 táº§ng Háº»m 8m Ä‘Æ°á»ng TrÆ°á»ng Chinh, KhÃ´ng,0, 8 m,"ÄÆ°á»ng TrÆ°á»ng Chinh, 13", KhÃ´ng,NhÃ  2 táº§ng Háº»m 8m Ä‘Æ°á»ng TrÆ°á»ng Chinh,1,https://nhadat24h.net.vn/du-an/nha-2-tang-hem-8m-duong-truong-chinh/278818, 92 m, 4.2 m,13,TÃ¢n BÃ¬nh,Há»“ ChÃ­ Minh,TrÆ°á»ng Chinh
35, CÃ³,1 pn, MS278826,,None,,1 t, 30 m,Sá»• Äá», CÃ³, 6 m,https://nhadat24h.net.vn/storage/product/6761/z4916271194210-1211cd543ce7c3e24da6104cd8f2b457.jpg, CÃ³," ğŸ’SANG NHÆ¯á»¢NG Láº I QUÃN BINGSU Äá»‹a chá»‰: Tráº§n Quá»‘c HoÃ n, Cáº§u Giáº¥y, HÃ  Ná»™i", KhÃ´ng,0, 10 m,"ÄÆ°á»ng Tráº§n Quá»‘c HoÃ n, Dá»‹ch Vá»ng", KhÃ´ng,"ğŸ’SANG NHÆ¯á»¢NG Láº I QUÃN BINGSU Äá»‹a chá»‰: Tráº§n Quá»‘c HoÃ n, Cáº§u Giáº¥y, HÃ  Ná»™i",1,https://nhadat24h.net.vn/du-an/sang-nhuong-lai-quan-bingsu-dia-chi-tran-quoc-hoan-cau-giay-ha-noi/278826, 30 m, 5 m,Dá»‹ch Vá»ng,Cáº§u Giáº¥y,HÃ  Ná»™i,Tráº§n Quá»‘c HoÃ n
36, CÃ³,4 pn, MS278830,,None,,2 t, 16 m,Sá»• Há»“ng, CÃ³, 4 m,https://nhadat24h.net.vn/storage/product/16030/z4916735951384-9b006d908b9c2ab2298de00829bf3b6e.jpg, CÃ³," NhÃ  4 táº§ng MTKD Ä‘Æ°á»ng HoÃ ng Sa, Q3 - 18 tr/th", KhÃ´ng,0, 15 m,"ÄÆ°á»ng HoÃ ng Sa, 11", KhÃ´ng,"NhÃ  4 táº§ng MTKD Ä‘Æ°á»ng HoÃ ng Sa, Q3 - 18 tr/th",1,https://nhadat24h.net.vn/du-an/nha-4-tang-mtkd-duong-hoang-sa-q3-18-trth/278830, 16 m, 4.5 m,11,3,Há»“ ChÃ­ Minh,HoÃ ng Sa
37, CÃ³,4 pn, MS278831,,None,,4 t, 192 m,Sá»• Há»“ng, CÃ³, 12 m,https://nhadat24h.net.vn/storage/product/16030/a5.jpg, CÃ³, NhÃ  Ä‘áº¹p 4 táº§ng MTKD Nguyá»…n PhÃºc Chu - 4pn 6wc, KhÃ´ng,0, 15 m,"ÄÆ°á»ng Nguyá»…n PhÃºc Chu, 15", KhÃ´ng,NhÃ  Ä‘áº¹p 4 táº§ng MTKD Nguyá»…n PhÃºc Chu - 4pn 6wc,1,https://nhadat24h.net.vn/du-an/nha-dep-4-tang-mtkd-nguyen-phuc-chu-4pn-6wc/278831, 192 m, 4 m,15,TÃ¢n BÃ¬nh,Há»“ ChÃ­ Minh,Nguyá»…n PhÃºc Chu
38, CÃ³,2 pn, MS278832,,None,,2 t, 92 m,Sá»• Há»“ng, CÃ³, 11 m,https://nhadat24h.net.vn/storage/product/16030/z4917417756866-8b2932d5f4a83e8357f06fcf36cba1c7.jpg, CÃ³," NhÃ  Ä‘áº¹p 2 táº§ng Háº»m 8m TrÆ°á»ng Chinh, TÃ¢n BÃ¬nh", KhÃ´ng,0, 8 m,"ÄÆ°á»ng TrÆ°á»ng Chinh, 13", KhÃ´ng,"NhÃ  Ä‘áº¹p 2 táº§ng Háº»m 8m TrÆ°á»ng Chinh, TÃ¢n BÃ¬nh",1,https://nhadat24h.net.vn/du-an/nha-dep-2-tang-hem-8m-truong-chinh-tan-binh/278832, 92 m, 4.2 m,13,TÃ¢n BÃ¬nh,Há»“ ChÃ­ Minh,TrÆ°á»ng Chinh
39, CÃ³,1 pn, MS278834,,None,ÄÃ´ng,1 t, 100 m,Sá»• Äá», CÃ³, 20 m,https://nhadat24h.net.vn/storage/product/11792/z4692544917098-089f1fa5dfdbff49dbc847f0ea93a67b.jpg, CÃ³, NHÃ€ Máº¶T TIá»€N TRUNG TÃ‚M HUYá»†N CAO LÃƒNH TIá»†N KINH DOANH, KhÃ´ng,0, 1 m,"ÄÆ°á»ng 30/4, Má»¹ Thá»", KhÃ´ng,NHÃ€ Máº¶T TIá»€N TRUNG TÃ‚M HUYá»†N CAO LÃƒNH TIá»†N KINH DOANH,1,https://nhadat24h.net.vn/du-an/nha-mat-tien-trung-tam-huyen-cao-lanh-tien-kinh-doanh/278834, 100 m, 5 m,None,ChÃ¢u ThÃ nh,Äá»“ng ThÃ¡p,None
40, CÃ³,4 pn, MS278838,,None,,2 t, 16 m,Sá»• Há»“ng, CÃ³, 4 m,https://nhadat24h.net.vn/storage/product/16069/z4916735951384-9b006d908b9c2ab2298de00829bf3b6e.jpg, CÃ³," â™¥ï¸â™¥ï¸ Cho thuÃª NhÃ  4 táº§ng MTKD HoÃ ng Sa, Q3 - 18 tr/th", KhÃ´ng,0, 15 m,"ÄÆ°á»ng HoÃ ng Sa, 11", KhÃ´ng,"â™¥ï¸â™¥ï¸ Cho thuÃª NhÃ  4 táº§ng MTKD HoÃ ng Sa, Q3 - 18 tr/th",1,https://nhadat24h.net.vn/du-an/cho-thue-nha-4-tang-mtkd-hoang-sa-q3-18-trth/278838, 16 m, 4.5 m,11,3,Há»“ ChÃ­ Minh,HoÃ ng Sa
41, CÃ³,4 pn, MS278837,,None,,4 t, 192 m,Sá»• Há»“ng, CÃ³, 12 m,https://nhadat24h.net.vn/storage/product/16069/a5.jpg, CÃ³, â™¥ï¸â™¥ï¸ Cho thuÃª NhÃ  4 táº§ng MTKD Nguyá»…n PhÃºc Chu - 4pn 6wc, KhÃ´ng,0, 15 m,"ÄÆ°á»ng Nguyá»…n PhÃºc Chu, 15", KhÃ´ng,â™¥ï¸â™¥ï¸ Cho thuÃª NhÃ  4 táº§ng MTKD Nguyá»…n PhÃºc Chu - 4pn 6wc,1,https://nhadat24h.net.vn/du-an/cho-thue-nha-4-tang-mtkd-nguyen-phuc-chu-4pn-6wc/278837, 192 m, 4 m,15,TÃ¢n BÃ¬nh,Há»“ ChÃ­ Minh,Nguyá»…n PhÃºc Chu
42, KhÃ´ng,0, MS278833,,None,ÄÃ´ng,0, 35 m,Sá»• Äá», CÃ³, 0 m,https://nhadat24h.net.vn/storage/product/11792/z4597291926835-26372fdc2264eba160f0c936587c448f.jpg, CÃ³, PHÃ’NG FULL Ná»˜I THáº¤T CÃ“ BAN CÃ”NG TRUNG TÃ‚M QUáº¬N 12, KhÃ´ng,0, 10 m,"ÄÆ°á»ng LÃª VÄƒn KhÆ°Æ¡ng, Hiá»‡p ThÃ nh", KhÃ´ng,PHÃ’NG FULL Ná»˜I THáº¤T CÃ“ BAN CÃ”NG TRUNG TÃ‚M QUáº¬N 12,1,https://nhadat24h.net.vn/du-an/phong-full-noi-that-co-ban-cong-trung-tam-quan-12/278833, 35 m, 0 m,Hiá»‡p ThÃ nh,12,Há»“ ChÃ­ Minh,LÃª VÄƒn KhÆ°Æ¡ng
43, CÃ³,2 pn, MS278839,,None,,2 t, 92 m,Sá»• Há»“ng, CÃ³, 11 m,https://nhadat24h.net.vn/storage/product/16069/z4917417756866-8b2932d5f4a83e8357f06fcf36cba1c7.jpg, CÃ³," â™¥ï¸â™¥ï¸ Cho thuÃª NhÃ  2 táº§ng Háº»m 8m TrÆ°á»ng Chinh, TÃ¢n BÃ¬nh", KhÃ´ng,0, 8 m,"ÄÆ°á»ng TrÆ°á»ng Chinh, 13", KhÃ´ng,"â™¥ï¸â™¥ï¸ Cho thuÃª NhÃ  2 táº§ng Háº»m 8m TrÆ°á»ng Chinh, TÃ¢n BÃ¬nh",1,https://nhadat24h.net.vn/du-an/cho-thue-nha-2-tang-hem-8m-truong-chinh-tan-binh/278839, 92 m, 4.2 m,13,TÃ¢n BÃ¬nh,Há»“ ChÃ­ Minh,TrÆ°á»ng Chinh
44, CÃ³,2 pn, MS279452,,None,,3 t, 25 m,Sá»• Äá», CÃ³, 7 m,https://nhadat24h.net.vn/storage/product/12817/1-92.jpg, CÃ³, ChÃ­nh chá»§ Pass cÄƒn há»™ mini full ná»™i tháº¥t TÃ¢n PhÃº, KhÃ´ng,0, 1 m,"ÄÆ°á»ng Nguyá»…n Há»¯u Tiáº¿n, TÃ¢y Tháº¡nh", KhÃ´ng,ChÃ­nh chá»§ Pass cÄƒn há»™ mini full ná»™i tháº¥t TÃ¢n PhÃº,1,https://nhadat24h.net.vn/du-an/chinh-chu-pass-can-ho-mini-full-noi-that-tan-phu/279452, 25 m, 5 m,TÃ¢y Tháº¡nh,TÃ¢n PhÃº,Há»“ ChÃ­ Minh,Nguyá»…n Há»¯u Tiáº¿n
45, CÃ³,1 pn, MS279453,,Vui lÃ²ng liÃªn há»‡ Ä‘á»ƒ biáº¿t thÃªm chi tiáº¿t vÃ  thÄƒm dá»± Ã¡n.,,8 t, 10665 m,Sá»• Äá», CÃ³, 135 m,https://nhadat24h.net.vn/storage/product/6913/z4513337379568-b36cd4d627580b3f850d575d13f6e7d1.jpg, CÃ³," sáºµn xÆ°á»Ÿng cho thuÃª phÃ¹ há»£p Ä‘áº§u tÆ° nhiá»u ngÃ nh nghá», Chuáº©n EPE , FÄI. giÃ¡ thuÃª tá»‘t", KhÃ´ng,0, 15 m,"ÄÆ°á»ng ChÃ¢u Äá»©c - Suá»‘i Nghá»‡, Suá»‘i Nghá»‡", KhÃ´ng,"sáºµn xÆ°á»Ÿng cho thuÃª phÃ¹ há»£p Ä‘áº§u tÆ° nhiá»u ngÃ nh nghá», Chuáº©n EPE , FÄI. giÃ¡ thuÃª tá»‘t",1,https://nhadat24h.net.vn/du-an/san-xuong-cho-thue-phu-hop-dau-tu-nhieu-nganh-nghe-chuan-epe-fdi-gia-thue-tot/279453, 10665 m, 60 m,Suá»‘i Nghá»‡,ChÃ¢u Äá»©c,BÃ  Rá»‹a - VÅ©ng TÃ u,None
46, CÃ³,1 pn, MS279454,,Ráº¥t mong ráº±ng thÃ´ng tin trÃªn sáº½ giÃºp QuÃ½ CÃ´ng Ty cÃ³ cÃ¡i nhÃ¬n tá»•ng quan vá» cÆ¡ sá»Ÿ háº¡ táº§ng vÃ  kháº£ nÄƒng sá»­ dá»¥ng cá»§a nhÃ  xÆ°á»Ÿng nÃ y.Â  ,,16 t, 36175 m,Sá»• Äá», CÃ³, 279 m,https://nhadat24h.net.vn/storage/product/6913/1-7.jpg, CÃ³, nhÃ  xÆ°á»Ÿng sáº£n xuáº¥t vá»›i diá»‡n tÃ­ch cho thuÃª Ä‘a dáº¡ng phÃ¹ há»£p nhiá»u nhu cáº§u sáº£n xuáº¥t, KhÃ´ng,0, 18 m,"ÄÆ°á»ng Äiá»‡n BiÃªn Phá»§, PhÃº TÃ¢n", KhÃ´ng,nhÃ  xÆ°á»Ÿng sáº£n xuáº¥t vá»›i diá»‡n tÃ­ch cho thuÃª Ä‘a dáº¡ng phÃ¹ há»£p nhiá»u nhu cáº§u sáº£n xuáº¥t,1,https://nhadat24h.net.vn/du-an/nha-xuong-san-xuat-voi-dien-tich-cho-thue-da-dang-phu-hop-nhieu-nhu-cau-san-xuat/279454, 36175 m, 130 m,PhÃº TÃ¢n,None,BÃ¬nh DÆ°Æ¡ng,Äiá»‡n BiÃªn Phá»§
47, CÃ³,1 pn, MS279455,,Ráº¥t mong ráº±ng thÃ´ng tin trÃªn sáº½ giÃºp QuÃ½ CÃ´ng Ty cÃ³ cÃ¡i nhÃ¬n tá»•ng quan vá» cÆ¡ sá»Ÿ háº¡ táº§ng vÃ  kháº£ nÄƒng sá»­ dá»¥ng cá»§a nhÃ  xÆ°á»Ÿng nÃ y.Â  ,,16 t, 36175 m,Sá»• Äá», CÃ³, 279 m,https://nhadat24h.net.vn/storage/product/6944/1-8.jpg, CÃ³," nhÃ  xÆ°á»Ÿng sáº£n xuáº¥t vá»›i diá»‡n tÃ­ch, Thu HÃºt Sáº£n xuáº¥t Ä‘a dáº¡ng ngÃ nh nghá». kho bÃ£i", KhÃ´ng,0, 18 m,"ÄÆ°á»ng Äiá»‡n BiÃªn Phá»§, PhÃº TÃ¢n", KhÃ´ng,"nhÃ  xÆ°á»Ÿng sáº£n xuáº¥t vá»›i diá»‡n tÃ­ch, Thu HÃºt Sáº£n xuáº¥t Ä‘a dáº¡ng ngÃ nh nghá». kho bÃ£i",1,https://nhadat24h.net.vn/du-an/nha-xuong-san-xuat-voi-dien-tich-thu-hut-san-xuat-da-dang-nganh-nghe-kho-bai/279455, 36175 m, 130 m,PhÃº TÃ¢n,None,BÃ¬nh DÆ°Æ¡ng,Äiá»‡n BiÃªn Phá»§
48, CÃ³,1 pn, MS279464,,Vui lÃ²ng liÃªn há»‡ Ä‘á»ƒ biáº¿t thÃªm chi tiáº¿t vÃ  thÄƒm dá»± Ã¡n.,,8 t, 10665 m,Sá»• Äá», CÃ³, 135 m,https://nhadat24h.net.vn/storage/product/8992/z4513337379568-b36cd4d627580b3f850d575d13f6e7d1-1.jpg, CÃ³," NhÃ  MÃ¡y cho thuÃª Thu HÃºt Äáº§u tÆ° , Chuáº©n ÄÄƒng kÃ½ EPE , FDI. Háº¡ táº§ng hoÃ n thiá»‡n", KhÃ´ng,0, 15 m,"ÄÆ°á»ng ChÃ¢u Äá»©c - Suá»‘i Nghá»‡, Suá»‘i Nghá»‡", KhÃ´ng,"NhÃ  MÃ¡y cho thuÃª Thu HÃºt Äáº§u tÆ° , Chuáº©n ÄÄƒng kÃ½ EPE , FDI. Háº¡ táº§ng hoÃ n thiá»‡n",1,https://nhadat24h.net.vn/du-an/nha-may-cho-thue-thu-hut-dau-tu-chuan-dang-ky-epe-fdi-ha-tang-hoan-thien/279464, 10665 m, 60 m,Suá»‘i Nghá»‡,ChÃ¢u Äá»©c,BÃ  Rá»‹a - VÅ©ng TÃ u,None
49, CÃ³,1 pn, MS279456,,Vui lÃ²ng liÃªn há»‡ Ä‘á»ƒ biáº¿t thÃªm chi tiáº¿t vÃ  thÄƒm dá»± Ã¡n.,,8 t, 10665 m,Sá»• Äá», CÃ³, 135 m,https://nhadat24h.net.vn/storage/product/6944/z4513337379568-b36cd4d627580b3f850d575d13f6e7d1.jpg, CÃ³," sáºµn xÆ°á»Ÿng cho thuÃª Thu HÃºt Äáº§u tÆ° , Chuáº©n ÄÄƒng kÃ½ EPE , FDI. trang thiáº¿t bá»‹ hiá»‡n Ä‘áº¡i", KhÃ´ng,0, 15 m,"ÄÆ°á»ng ChÃ¢u Äá»©c - Suá»‘i Nghá»‡, Suá»‘i Nghá»‡", KhÃ´ng,"sáºµn xÆ°á»Ÿng cho thuÃª Thu HÃºt Äáº§u tÆ° , Chuáº©n ÄÄƒng kÃ½ EPE , FDI. trang thiáº¿t bá»‹ hiá»‡n Ä‘áº¡i",1,https://nhadat24h.net.vn/du-an/san-xuong-cho-thue-thu-hut-dau-tu-chuan-dang-ky-epe-fdi-trang-thiet-bi-hien-dai/279456, 10665 m, 60 m,Suá»‘i Nghá»‡,ChÃ¢u Äá»©c,BÃ  Rá»‹a - VÅ©ng TÃ u,None
50, CÃ³,1 pn, MS279460,,Ráº¥t mong ráº±ng thÃ´ng tin trÃªn sáº½ giÃºp QuÃ½ CÃ´ng Ty cÃ³ cÃ¡i nhÃ¬n tá»•ng quan vá» cÆ¡ sá»Ÿ háº¡ táº§ng vÃ  kháº£ nÄƒng sá»­ dá»¥ng cá»§a nhÃ  xÆ°á»Ÿng nÃ y.Â  ,,16 t, 36175 m,Sá»• Äá», CÃ³, 279 m,https://nhadat24h.net.vn/storage/product/6946/1-35.jpg, CÃ³," nhÃ  xÆ°á»Ÿng sáº£n xuáº¥t vá»›i diá»‡n tÃ­ch, SX theo tiÃªu chuáº©n QÄ KCN, trang bá»‹ PC tá»± Ä‘á»™ng", KhÃ´ng,0, 18 m,"ÄÆ°á»ng Äiá»‡n BiÃªn Phá»§, PhÃº TÃ¢n", KhÃ´ng,"nhÃ  xÆ°á»Ÿng sáº£n xuáº¥t vá»›i diá»‡n tÃ­ch, SX theo tiÃªu chuáº©n QÄ KCN, trang bá»‹ PC tá»± Ä‘á»™ng",1,https://nhadat24h.net.vn/du-an/nha-xuong-san-xuat-voi-dien-tich-sx-theo-tieu-chuan-qd-kcn-trang-bi-pc-tu-dong/279460, 36175 m, 130 m,PhÃº TÃ¢n,None,BÃ¬nh DÆ°Æ¡ng,Äiá»‡n BiÃªn Phá»§
53, CÃ³,1 pn, MS279474,,None,,1 t, 45 m,Sá»• Äá», CÃ³, 10 m,https://nhadat24h.net.vn/storage/product/16078/a0-9.jpg, CÃ³," Cho thuÃª nhÃ  GÃ³c 2 MTKD Ä‘Æ°á»ng Phá»• Quang, chá»‰ 8 tr/th", KhÃ´ng,0, 20 m,"ÄÆ°á»ng Phá»• Quang, 2", KhÃ´ng,"Cho thuÃª nhÃ  GÃ³c 2 MTKD Ä‘Æ°á»ng Phá»• Quang, chá»‰ 8 tr/th",1,https://nhadat24h.net.vn/du-an/cho-thue-nha-goc-2-mtkd-duong-pho-quang-chi-8-trth/279474, 45 m, 4 m,02,TÃ¢n BÃ¬nh,Há»“ ChÃ­ Minh,Phá»• Quang
54, CÃ³,1 pn, MS279477,,Ráº¥t mong ráº±ng thÃ´ng tin trÃªn sáº½ giÃºp QuÃ½ CÃ´ng Ty cÃ³ cÃ¡i nhÃ¬n tá»•ng quan vá» cÆ¡ sá»Ÿ háº¡ táº§ng vÃ  kháº£ nÄƒng sá»­ dá»¥ng cá»§a nhÃ  xÆ°á»Ÿng nÃ y.Â  ,,16 t, 36175 m,Sá»• Äá», CÃ³, 279 m,https://nhadat24h.net.vn/storage/product/8992/1-34.jpg, CÃ³," nhÃ  xÆ°á»Ÿng sáº£n xuáº¥t vá»›i diá»‡n tÃ­ch, SX theo tiÃªu chuáº©n QÄ KCN, háº¡ táº§ng hoÃ n thiá»‡n SX liá»n", KhÃ´ng,0, 18 m,"ÄÆ°á»ng Äiá»‡n BiÃªn Phá»§, PhÃº TÃ¢n", KhÃ´ng,"nhÃ  xÆ°á»Ÿng sáº£n xuáº¥t vá»›i diá»‡n tÃ­ch, SX theo tiÃªu chuáº©n QÄ KCN, háº¡ táº§ng hoÃ n thiá»‡n SX liá»n",1,https://nhadat24h.net.vn/du-an/nha-xuong-san-xuat-voi-dien-tich-sx-theo-tieu-chuan-qd-kcn-ha-tang-hoan-thien-sx-lien/279477, 36175 m, 130 m,PhÃº TÃ¢n,None,BÃ¬nh DÆ°Æ¡ng,Äiá»‡n BiÃªn Phá»§
55, CÃ³,4 pn, MS279475,,"- Vá»‹ trÃ­: Gáº§n chá»£ HoÃ ng Hoa ThÃ¡m, Coorpmart, nhÃ  thuá»‘c Long ChÃ¢u siÃªu thá»‹, ngÃ¢n hÃ ng, chá»£, xe buÃ½t, sÃ¢n bay, trÆ°á»ng há»cÂ ",,5 t, 182 m,Sá»• Há»“ng, CÃ³, 13 m,https://nhadat24h.net.vn/storage/product/16078/a0-10.jpg, CÃ³, Cho thuÃª NhÃ  4 táº§ng MTKD Nguyá»…n ThÃ¡i BÃ¬nh - chá»‰ 16 tr/th, KhÃ´ng,0, 20 m,"ÄÆ°á»ng Nguyá»…n ThÃ¡i BÃ¬nh, 12", KhÃ´ng,Cho thuÃª NhÃ  4 táº§ng MTKD Nguyá»…n ThÃ¡i BÃ¬nh - chá»‰ 16 tr/th,1,https://nhadat24h.net.vn/du-an/cho-thue-nha-4-tang-mtkd-nguyen-thai-binh-chi-16-trth/279475, 182 m, 3.5 m,12,TÃ¢n BÃ¬nh,Há»“ ChÃ­ Minh,Nguyá»…n ThÃ¡i BÃ¬nh
56, CÃ³,1 pn, MS279476,,None,,1 t, 42 m,Sá»• Há»“ng, CÃ³, 7 m,https://nhadat24h.net.vn/storage/product/16078/a1-69.jpg, CÃ³," Cho thuÃª MBKD Háº»m 68 Ä‘Æ°á»ng Ãšt Tá»‹ch, ngang 6m, 12 tr/th", KhÃ´ng,0, 6 m,"ÄÆ°á»ng Ãšt Tá»‹ch, 4", KhÃ´ng,"Cho thuÃª MBKD Háº»m 68 Ä‘Æ°á»ng Ãšt Tá»‹ch, ngang 6m, 12 tr/th",1,https://nhadat24h.net.vn/du-an/cho-thue-mbkd-hem-68-duong-ut-tich-ngang-6m-12-trth/279476, 42 m, 6 m,04,TÃ¢n BÃ¬nh,Há»“ ChÃ­ Minh,Ãšt Tá»‹ch
58, CÃ³,4 pn, MS278851,,None,,4 t, 192 m,Sá»• Há»“ng, CÃ³, 12 m,https://nhadat24h.net.vn/storage/product/16078/a5-2.jpg, CÃ³, ğŸ’¥ NhÃ  4 táº§ng 4PN - MTKD Nguyá»…n PhÃºc Chu, KhÃ´ng,0, 15 m,"ÄÆ°á»ng Nguyá»…n PhÃºc Chu, 15", KhÃ´ng,ğŸ’¥ NhÃ  4 táº§ng 4PN - MTKD Nguyá»…n PhÃºc Chu,1,https://nhadat24h.net.vn/du-an/nha-4-tang-4pn-mtkd-nguyen-phuc-chu/278851, 192 m, 4 m,15,TÃ¢n BÃ¬nh,Há»“ ChÃ­ Minh,Nguyá»…n PhÃºc Chu
59, CÃ³,2 pn, MS278852,,None,,2 t, 92 m,Sá»• Há»“ng, CÃ³, 11 m,https://nhadat24h.net.vn/storage/product/16078/z4917417756866-8b2932d5f4a83e8357f06fcf36cba1c7.jpg, CÃ³," ğŸ’¥ NhÃ  2 táº§ng Háº»m 320 TrÆ°á»ng Chinh, F13,TÃ¢n BÃ¬nh", KhÃ´ng,0, 8 m,"ÄÆ°á»ng TrÆ°á»ng Chinh, 13", KhÃ´ng,"ğŸ’¥ NhÃ  2 táº§ng Háº»m 320 TrÆ°á»ng Chinh, F13,TÃ¢n BÃ¬nh",1,https://nhadat24h.net.vn/du-an/nha-2-tang-hem-320-truong-chinh-f13tan-binh/278852, 92 m, 4.2 m,13,TÃ¢n BÃ¬nh,Há»“ ChÃ­ Minh,TrÆ°á»ng Chinh
60, CÃ³,4 pn, MS278883,,None,,5 t, 90 m,Sá»• Äá», CÃ³, 5 m,https://nhadat24h.net.vn/storage/product/2046/z4917915589939-230e683febec98cb82a4d4f4a0454c88.jpg, CÃ³," Cho thuÃª nhÃ  khu liá»n ká» LÃ ng Viá»‡t Kiá»u ChÃ¢u Ã‚u, DT 90m2 x 4 táº§ng, MT 5m.", KhÃ´ng,0, 15 m,"ÄÆ°á»ng Nguyá»…n VÄƒn Lá»™c, Má»™ Lao", KhÃ´ng,"Cho thuÃª nhÃ  khu liá»n ká» LÃ ng Viá»‡t Kiá»u ChÃ¢u Ã‚u, DT 90m2 x 4 táº§ng, MT 5m.",1,https://nhadat24h.net.vn/du-an/cho-thue-nha-khu-lien-ke-lang-viet-kieu-chau-au-dt-90m2-x-4-tang-mt-5m/278883, 90 m, 5 m,Má»™ Lao,HÃ  ÄÃ´ng,HÃ  Ná»™i,Nguyá»…n VÄƒn Lá»™c
61, CÃ³,7 pn, MS278888,,LiÃªn Há»‡: Thanh PhÆ°á»£ng 0868925393,ÄÃ´ng,10 t, 50 m,Sá»• Äá», CÃ³, 7 m,https://nhadat24h.net.vn/storage/product/16285/0-02-08-e37f27dde89c9aea8ec1f1a9fafbddf51699fc4cf723e8af455c4454500b2f3e-full-large.jpg, CÃ³," ChÃ­nh chá»§ cáº§n cho thuÃª, sang nhÆ°á»£ng nhÃ  nghá»‰, gáº§n ngÃ£ tÆ° trá»‹ tráº¥n tráº¡m trÃ´i, Huyá»‡n HoÃ i Äá»©c, HÃ  Ná»™i", KhÃ´ng,0, 10 m,"ÄÆ°á»ng 32, Tráº¡m TrÃ´i", KhÃ´ng,"ChÃ­nh chá»§ cáº§n cho thuÃª, sang nhÆ°á»£ng nhÃ  nghá»‰, gáº§n ngÃ£ tÆ° trá»‹ tráº¥n tráº¡m trÃ´i, Huyá»‡n HoÃ i Äá»©c, HÃ  Ná»™i",1,https://nhadat24h.net.vn/du-an/chinh-chu-can-cho-thue-sang-nhuong-nha-nghi-gan-nga-tu-tri-tran-tram-troi-huyen-hoai-duc-ha-noi/278888, 50 m, 7 m,None,HoÃ i Äá»©c,HÃ  Ná»™i,Quá»‘c lá»™ 32
62, CÃ³,3 pn, MS278897,,None,,1 t, 20 m,Há»£p Ä‘á»“ng mua bÃ¡n, CÃ³, 0 m,https://nhadat24h.net.vn/storage/product/15044/1-35.jpg, CÃ³," PhÃ²ng má»›i 20m2, full ná»™i tháº¥t, Ä‘Æ°á»ng Ung vÄƒn KhiÃªm, P25, BÃ¬nh Tháº¡nh", KhÃ´ng,0, 6 m,"ÄÆ°á»ng Ung VÄƒn KhiÃªm, 25", KhÃ´ng,"PhÃ²ng má»›i 20m2, full ná»™i tháº¥t, Ä‘Æ°á»ng Ung vÄƒn KhiÃªm, P25, BÃ¬nh Tháº¡nh",1,https://nhadat24h.net.vn/du-an/phong-moi-20m2-full-noi-that-duong-ung-van-khiem-p25-binh-thanh/278897, 20 m, 0 m,25,BÃ¬nh Tháº¡nh,Há»“ ChÃ­ Minh,Ung VÄƒn KhiÃªm
63, KhÃ´ng,0, MS279021,,"* Káº¾T Cáº¤U: 1 phÃ²ng trá»‘ng, cÃ³ nhÃ  vá»‡ sinh theo táº§ng",,0, 32 m,Sá»• Äá», CÃ³, 0 m,https://nhadat24h.net.vn/storage/product/15678/z4918538966919-370cec595999fd138e9593fb848c0267.jpg, CÃ³," CHÃNH CHá»¦ CHO THUÃŠ VÄ‚N PHÃ’NG HOáº¶C LÃ€M PHÃ’NG á» Táº I QUáº¬N 8, TP Há»’ CHÃ MINH", KhÃ´ng,0, 5 m,"ÄÆ°á»ng VÃµ LiÃªm SÆ¡n, 4", KhÃ´ng,"CHÃNH CHá»¦ CHO THUÃŠ VÄ‚N PHÃ’NG HOáº¶C LÃ€M PHÃ’NG á» Táº I QUáº¬N 8, TP Há»’ CHÃ MINH",1,https://nhadat24h.net.vn/du-an/chinh-chu-cho-thue-van-phong-hoac-lam-phong-o-tai-quan-8-tp-ho-chi-minh/279021, 32 m, 0 m,04,8,Há»“ ChÃ­ Minh,VÃµ LiÃªm SÆ¡n
64, KhÃ´ng,0, MS279004,,None,,0, 15 m,Sá»• Äá», CÃ³, 0 m,https://nhadat24h.net.vn/storage/product/6165/z4917955894989-fe4b19e857c1ea8f1c1ce26311547725.jpg, CÃ³," Cho thuÃª cá»­a hÃ ng máº·t Ä‘Æ°á»ng Quang Trung. Äá»‹a chá»‰: Sá»‘ nhÃ  355 Ä‘Æ°á»ng Quang Trung, PhÆ°á»ng Quang Trung, Quáº­n HÃ  ÄÃ´ng, HÃ  Ná»™i", KhÃ´ng,0, 12 m,"ÄÆ°á»ng Quang Trung, Quang Trung", KhÃ´ng,"Cho thuÃª cá»­a hÃ ng máº·t Ä‘Æ°á»ng Quang Trung. Äá»‹a chá»‰: Sá»‘ nhÃ  355 Ä‘Æ°á»ng Quang Trung, PhÆ°á»ng Quang Trung, Quáº­n HÃ  ÄÃ´ng, HÃ  Ná»™i",1,https://nhadat24h.net.vn/du-an/cho-thue-cua-hang-mat-duong-quang-trung-dia-chi-so-nha-355-duong-quang-trung-phuong-quang-trung-quan-ha-dong-ha-noi/279004, 15 m, 3.8 m,Quang Trung,HÃ  ÄÃ´ng,HÃ  Ná»™i,Quang Trung
65, CÃ³,30 pn, MS279031,,None,,2 t, 69 m,Sá»• Há»“ng, CÃ³, 0 m,https://nhadat24h.net.vn/storage/product/14953/z4918637770376-905af586f03af97d355b996abc11cd17.jpg, CÃ³, cho thuÃª cÄƒn há»™ 2pn2wc full ná»™i tháº¥t Ä‘áº¹p nhÆ° hÃ¬nh, KhÃ´ng,0, 4 m,"ÄÆ°á»ng 743C, DÄ© An", KhÃ´ng,cho thuÃª cÄƒn há»™ 2pn2wc full ná»™i tháº¥t Ä‘áº¹p nhÆ° hÃ¬nh,1,https://nhadat24h.net.vn/du-an/cho-thue-can-ho-2pn2wc-full-noi-that-dep-nhu-hinh/279031, 69 m, 0 m,DÄ© An,None,BÃ¬nh DÆ°Æ¡ng,None
66, CÃ³,2 pn, MS279043,,None,,3 t, 30 m,Sá»• Äá», CÃ³, 7 m,https://nhadat24h.net.vn/storage/product/12817/1-89.jpg, CÃ³," cáº§n nhÆ°á»£ng láº¡i phÃ²ng do cÃ³ viá»‡c vá» quÃª Äá»— Äá»©c Dá»¥c , Nam Tá»« LiÃªm, HÃ  Ná»™i", KhÃ´ng,0, 1 m,"ÄÆ°á»ng 69, PhÃº ÄÃ´", KhÃ´ng,"cáº§n nhÆ°á»£ng láº¡i phÃ²ng do cÃ³ viá»‡c vá» quÃª Äá»— Äá»©c Dá»¥c , Nam Tá»« LiÃªm, HÃ  Ná»™i",1,https://nhadat24h.net.vn/du-an/can-nhuong-lai-phong-do-co-viec-ve-que-do-duc-duc-nam-tu-liem-ha-noi/279043, 30 m, 5 m,PhÃº ÄÃ´,Nam Tá»« LiÃªm,HÃ  Ná»™i,69
67, CÃ³,2 pn, MS279068,,None,,4 t, 200 m,Sá»• Há»“ng, CÃ³, 25 m,https://nhadat24h.net.vn/storage/product/14669/a0-3.jpg, CÃ³," NhÃ  MTKD gáº§n sÃ¢n bay TSN, 2 táº§ng 4pn - 25 tr/th", KhÃ´ng,0, 20 m,"ÄÆ°á»ng Phá»• Quang, 2", KhÃ´ng,"NhÃ  MTKD gáº§n sÃ¢n bay TSN, 2 táº§ng 4pn - 25 tr/th",1,https://nhadat24h.net.vn/du-an/nha-mtkd-gan-san-bay-tsn-2-tang-4pn-25-trth/279068, 200 m, 4 m,02,PhÃº Nhuáº­n,Há»“ ChÃ­ Minh,Phá»• Quang
68, CÃ³,3 pn, MS279044,,None,,2 t, 90 m,Sá»• Äá», CÃ³, 0 m,https://nhadat24h.net.vn/storage/product/11100/z4918693193671-8327e29f3380b40f004963bbde1ddac3.jpg, CÃ³," ChÃ­nh chá»§ cho thuÃª cÄƒn há»™ táº¡i khu Ä‘Ã´ thá»‹ EcoHom TrÃ ng Duá»‡, Háº£i PhÃ²ng.", KhÃ´ng,0, 10 m,"ÄÆ°á»ng 10, An Äá»“ng", KhÃ´ng,"ChÃ­nh chá»§ cho thuÃª cÄƒn há»™ táº¡i khu Ä‘Ã´ thá»‹ EcoHom TrÃ ng Duá»‡, Háº£i PhÃ²ng.",1,https://nhadat24h.net.vn/du-an/chinh-chu-cho-thue-can-ho-tai-khu-do-thi-ecohom-trang-due-hai-phong/279044, 90 m, 0 m,An Äá»“ng,An DÆ°Æ¡ng,Háº£i PhÃ²ng,None
70, CÃ³,4 pn, MS279061,,LiÃªn há»‡ chÃ­nh chá»§: 0988963866 hoáº·c 0986495067,,3 t, 30 m,Sá»• Äá», CÃ³, 0 m,https://nhadat24h.net.vn/storage/product/13407/z4917486446230-617d5d5f5c9c6e8d21090f17eba78a93.jpg, CÃ³," ChÃ­nh chá»§ cáº§n cho thuÃª nhÃ  máº·t ngÃµ Phá»‘ Táº¡ Quang Bá»­u, PhÆ°á»ng BÃ¡ch Khoa, quáº­n Hai BÃ  TrÆ°ng, HÃ  Ná»™i", KhÃ´ng,0, 5 m,"ÄÆ°á»ng Táº¡ Quang Bá»­u, BaÌch Khoa", KhÃ´ng,"ChÃ­nh chá»§ cáº§n cho thuÃª nhÃ  máº·t ngÃµ Phá»‘ Táº¡ Quang Bá»­u, PhÆ°á»ng BÃ¡ch Khoa, quáº­n Hai BÃ  TrÆ°ng, HÃ  Ná»™i",1,https://nhadat24h.net.vn/du-an/chinh-chu-can-cho-thue-nha-mat-ngo-pho-ta-quang-buu-phuong-bach-khoa-quan-hai-ba-trung-ha-noi/279061, 30 m, 0 m,BÃ¡ch Khoa,Hai BÃ  TrÆ°ng,HÃ  Ná»™i,Táº¡ Quang Bá»­u
71, CÃ³,1 pn, MS279372,,None,,2 t, 63 m,Sá»• Há»“ng, CÃ³, 15 m,https://nhadat24h.net.vn/storage/product/16078/a1-65.jpg, CÃ³, ğŸ’¥ NhÃ  Ä‘Æ°á»ng nhá»±a 20m Ä‘Æ°á»ng Báº¡ch Äáº±ng gáº§n sÃ¢n bay - 12 tr/th, KhÃ´ng,0, 20 m,"ÄÆ°á»ng Báº¡ch Äáº±ng, 2", KhÃ´ng,ğŸ’¥ NhÃ  Ä‘Æ°á»ng nhá»±a 20m Ä‘Æ°á»ng Báº¡ch Äáº±ng gáº§n sÃ¢n bay - 12 tr/th,1,https://nhadat24h.net.vn/du-an/nha-duong-nhua-20m-duong-bach-dang-gan-san-bay-12-trth/279372, 63 m, 4.2 m,02,TÃ¢n BÃ¬nh,Há»“ ChÃ­ Minh,Báº¡ch Äáº±ng
72, CÃ³,2 pn, MS279373,,None,,4 t, 200 m,Sá»• Há»“ng, CÃ³, 25 m,https://nhadat24h.net.vn/storage/product/16078/a0-8.jpg, CÃ³, ğŸ’¥ NhÃ  2 táº§ng Máº·t tiá»n KD Ä‘Æ°á»ng Phá»• Quang - 25 tr/th, KhÃ´ng,0, 20 m,"ÄÆ°á»ng Phá»• Quang, 2", KhÃ´ng,ğŸ’¥ NhÃ  2 táº§ng Máº·t tiá»n KD Ä‘Æ°á»ng Phá»• Quang - 25 tr/th,1,https://nhadat24h.net.vn/du-an/nha-2-tang-mat-tien-kd-duong-pho-quang-25-trth/279373, 200 m, 4 m,02,PhÃº Nhuáº­n,Há»“ ChÃ­ Minh,Phá»• Quang
73, CÃ³,2 pn, MS279374,,None,,5 t, 44 m,Sá»• Há»“ng, CÃ³, 11 m,https://nhadat24h.net.vn/storage/product/16078/a1-66.jpg, CÃ³," ğŸ’¥ NhÃ  nguyÃªn cÄƒn Ä‘Æ°á»ng SÆ° Váº¡n Háº¡nh, 2 táº§ng 5PN, 10 tr/th", KhÃ´ng,0, 20 m,"ÄÆ°á»ng SÆ° Váº¡n Háº¡nh, 15", KhÃ´ng,"ğŸ’¥ NhÃ  nguyÃªn cÄƒn Ä‘Æ°á»ng SÆ° Váº¡n Háº¡nh, 2 táº§ng 5PN, 10 tr/th",1,https://nhadat24h.net.vn/du-an/nha-nguyen-can-duong-su-van-hanh-2-tang-5pn-10-trth/279374, 44 m, 4 m,15,10,Há»“ ChÃ­ Minh,SÆ° Váº¡n Háº¡nh
74, KhÃ´ng,2 pn, MS279393,,None,,2 t, 0 m,Há»£p Ä‘á»“ng mua bÃ¡n, CÃ³, 0 m,https://nhadat24h.net.vn/storage/product/14528/z4425707079337-7807e538fccc28de8787f74f9c99e737.jpg, CÃ³, Cáº§n cho thuÃª cÄƒn há»™ empire city 2PN giÃ¡ $1400/thÃ¡ng bao phÃ­, KhÃ´ng,0, 1 m,"ÄÆ°á»ng Mai ChÃ­ Thá», Thá»§ ThiÃªm", KhÃ´ng,Cáº§n cho thuÃª cÄƒn há»™ empire city 2PN giÃ¡ $1400/thÃ¡ng bao phÃ­,1,https://nhadat24h.net.vn/du-an/can-cho-thue-can-ho-empire-city-2pn-gia-1400thang-bao-phi/279393, 0 m, 0 m,Thá»§ ThiÃªm,2,Há»“ ChÃ­ Minh,None
75, CÃ³,3 pn, MS279395,,None,TÃ¢y Báº¯c,4 t, 35 m,Sá»• Há»“ng, CÃ³, 0 m,https://nhadat24h.net.vn/storage/product/11615/1-15.jpg, CÃ³," Pass láº¡i phÃ²ng full ná»™i tháº¥t nhÆ° hÃ¬nh Ä‘Æ°á»ng Tráº§n ÄÃ¬nh Xu P.CÃ´ Giang Q1. GiÃ¡ 7,5 triá»‡u", KhÃ´ng,0, 5 m,"ÄÆ°á»ng Tráº§n ÄÃ¬nh Xu, CÃ´ Giang", KhÃ´ng,"Pass láº¡i phÃ²ng full ná»™i tháº¥t nhÆ° hÃ¬nh Ä‘Æ°á»ng Tráº§n ÄÃ¬nh Xu P.CÃ´ Giang Q1. GiÃ¡ 7,5 triá»‡u",1,https://nhadat24h.net.vn/du-an/pass-lai-phong-full-noi-that-nhu-hinh-duong-tran-dinh-xu-pco-giang-q1-gia-75-trieu/279395, 35 m, 0 m,CÃ´ Giang,1,Há»“ ChÃ­ Minh,Tráº§n ÄÃ¬nh Xu
76, KhÃ´ng,2 pn, MS279396,,None,,0, 130 m,Sá»• Äá», CÃ³, 0 m,https://nhadat24h.net.vn/storage/product/5284/z4830952089793-02733312199ba60cf46570519def3734.jpg, CÃ³," Cáº¦N SANG NHÆ¯á»¢NG QUÃN CAFE + TIá»†M TRÃ€ Sá»®A TAKE AWAY á» TRáº¦N BÃŒNH TRá»ŒNG, P. Tráº§n HÆ°ng Äáº¡o, Q. HoÃ n Kiáº¿m.", KhÃ´ng,0, 12 m,"ÄÆ°á»ng Tráº§n BÃ¬nh Trá»ng, TrÃ¢Ì€n HÆ°ng ÄaÌ£o", KhÃ´ng,"Cáº¦N SANG NHÆ¯á»¢NG QUÃN CAFE + TIá»†M TRÃ€ Sá»®A TAKE AWAY á» TRáº¦N BÃŒNH TRá»ŒNG, P. Tráº§n HÆ°ng Äáº¡o, Q. HoÃ n Kiáº¿m.",1,https://nhadat24h.net.vn/du-an/can-sang-nhuong-quan-cafe-tiem-tra-sua-take-away-o-tran-binh-trong-p-tran-hung-dao-q-hoan-kiem/279396, 130 m, 15 m,Tráº§n HÆ°ng Äáº¡o,HoÃ n Kiáº¿m,HÃ  Ná»™i,Tráº§n BÃ¬nh Trá»ng
77, KhÃ´ng,0, MS279421,,None,,0, 240 m,Sá»• Äá», CÃ³, 20 m,https://nhadat24h.net.vn/storage/product/14469/1-9.jpg, CÃ³, ğŸ”¥ Cho thuÃª 240m2  Ä‘áº¥t Quáº­n 2ğŸ”¥, KhÃ´ng,0, 1 m,"ÄÆ°á»ng 1, Tháº¡nh Má»¹ Lá»£i", KhÃ´ng,ğŸ”¥ Cho thuÃª 240m2  Ä‘áº¥t Quáº­n 2ğŸ”¥,1,https://nhadat24h.net.vn/du-an/cho-thue-240m2-dat-quan-2/279421, 240 m, 12 m,Tháº¡nh Má»¹ Lá»£i,2,Há»“ ChÃ­ Minh,None
78, KhÃ´ng,0, MS279414,,None,,0, 40 m,Sá»• Äá», CÃ³, 0 m,https://nhadat24h.net.vn/storage/product/5273/z4919829399142-b86d99a90351cdac74e64b810f018578.jpg, CÃ³," Cáº§n sang nhÆ°á»£ng 150triá»‡u. Sang nhÆ°á»£ng gáº¥p quÃ¡n Äƒn táº¡i 101C, B1, TÃ´ Hiá»‡u, NghÄ©a TÃ¢n, Cáº§u Giáº¥y, HÃ  Ná»™i", KhÃ´ng,0, 12 m,"ÄÆ°á»ng TÃ´ Hiá»‡u, NghÄ©a TÃ¢n", KhÃ´ng,"Cáº§n sang nhÆ°á»£ng 150triá»‡u. Sang nhÆ°á»£ng gáº¥p quÃ¡n Äƒn táº¡i 101C, B1, TÃ´ Hiá»‡u, NghÄ©a TÃ¢n, Cáº§u Giáº¥y, HÃ  Ná»™i",1,https://nhadat24h.net.vn/du-an/can-sang-nhuong-150trieu-sang-nhuong-gap-quan-an-tai-101c-b1-to-hieu-nghia-tan-cau-giay-ha-noi/279414, 40 m, 0 m,NghÄ©a TÃ¢n,Cáº§u Giáº¥y,HÃ  Ná»™i,TÃ´ Hiá»‡u
79, KhÃ´ng,0, MS279441,,None,,0, 30 m,Sá»• Äá», CÃ³, 0 m,https://nhadat24h.net.vn/storage/product/16310/aa.jpg, CÃ³," Cáº§n Cho thuÃª máº·t báº±ng ngay chá»£ Gá»‘c Äá» PhÆ°á»ng Minh Khai, Hai BÃ  TrÆ°ng, HÃ  Ná»™i", KhÃ´ng,0, 6 m,"ÄÆ°á»ng , Minh Khai", KhÃ´ng,"Cáº§n Cho thuÃª máº·t báº±ng ngay chá»£ Gá»‘c Äá» PhÆ°á»ng Minh Khai, Hai BÃ  TrÆ°ng, HÃ  Ná»™i",1,https://nhadat24h.net.vn/du-an/can-cho-thue-mat-bang-ngay-cho-goc-de-phuong-minh-khai-hai-ba-trung-ha-noi/279441, 30 m, 0 m,Minh Khai,Hai BÃ  TrÆ°ng,HÃ  Ná»™i,None
80, CÃ³,2 pn, MS279443,,None,,2 t, 55 m,Sá»• Äá», CÃ³, 11 m,https://nhadat24h.net.vn/storage/product/3837/z4919920916655-cd942f7a329d11b5f64ae9d3e13ff1c3.jpg, CÃ³," ChÃ­nh chá»§ cho thuÃª nhÃ  riÃªng 2 táº§ng, gáº§n Há»“ TÃ¢y", KhÃ´ng,0, 6 m,"ÄÆ°á»ng Láº¡c Long QuÃ¢n, XuÃ¢n La", KhÃ´ng,"ChÃ­nh chá»§ cho thuÃª nhÃ  riÃªng 2 táº§ng, gáº§n Há»“ TÃ¢y",1,https://nhadat24h.net.vn/du-an/chinh-chu-cho-thue-nha-rieng-2-tang-gan-ho-tay/279443, 55 m, 5 m,XuÃ¢n La,TÃ¢y Há»“,HÃ  Ná»™i,Láº¡c Long QuÃ¢n
81, CÃ³,4 pn, MS279447,,"- Vá»‹ trÃ­: Gáº§n chá»£ HoÃ ng Hoa ThÃ¡m, Coorpmart, nhÃ  thuá»‘c Long ChÃ¢u siÃªu thá»‹, ngÃ¢n hÃ ng, chá»£, xe buÃ½t, sÃ¢n bay, trÆ°á»ng há»cÂ ",,5 t, 182 m,Sá»• Há»“ng, CÃ³, 13 m,https://nhadat24h.net.vn/storage/product/14669/a0-4.jpg, CÃ³, NhÃ  4 táº§ng MTKD Ä‘Æ°á»ng Nguyá»…n ThÃ¡i BÃ¬nh - chá»‰ 16 tr/th, KhÃ´ng,0, 20 m,"ÄÆ°á»ng Nguyá»…n ThÃ¡i BÃ¬nh, 12", KhÃ´ng,NhÃ  4 táº§ng MTKD Ä‘Æ°á»ng Nguyá»…n ThÃ¡i BÃ¬nh - chá»‰ 16 tr/th,1,https://nhadat24h.net.vn/du-an/nha-4-tang-mtkd-duong-nguyen-thai-binh-chi-16-trth/279447, 182 m, 3.5 m,12,TÃ¢n BÃ¬nh,Há»“ ChÃ­ Minh,Nguyá»…n ThÃ¡i BÃ¬nh
82, CÃ³,1 pn, MS279448,,None,,1 t, 45 m,Sá»• Äá», CÃ³, 10 m,https://nhadat24h.net.vn/storage/product/14669/a0-5.jpg, CÃ³," CÄƒn gÃ³c 2 MTKD Ä‘Æ°á»ng Phá»• Quang, chá»‰ 8 tr/th", KhÃ´ng,0, 20 m,"ÄÆ°á»ng Phá»• Quang, 2", KhÃ´ng,"CÄƒn gÃ³c 2 MTKD Ä‘Æ°á»ng Phá»• Quang, chá»‰ 8 tr/th",1,https://nhadat24h.net.vn/du-an/can-goc-2-mtkd-duong-pho-quang-chi-8-trth/279448, 45 m, 4 m,02,TÃ¢n BÃ¬nh,Há»“ ChÃ­ Minh,Phá»• Quang
83, CÃ³,4 pn, MS279449,,None,,5 t, 380 m,Sá»• Há»“ng, CÃ³, 19 m,https://nhadat24h.net.vn/storage/product/16078/a1-68.jpg, CÃ³," NhÃ  4 táº§ng 2 máº·t tiá»n Ä‘Æ°á»ng TÃ¢n SÆ¡n, TÃ¢n BÃ¬nh", KhÃ´ng,0, 30 m,"ÄÆ°á»ng TÃ¢n SÆ¡n, 15", KhÃ´ng,"NhÃ  4 táº§ng 2 máº·t tiá»n Ä‘Æ°á»ng TÃ¢n SÆ¡n, TÃ¢n BÃ¬nh",1,https://nhadat24h.net.vn/du-an/nha-4-tang-2-mat-tien-duong-tan-son-tan-binh/279449, 380 m, 5 m,15,TÃ¢n BÃ¬nh,Há»“ ChÃ­ Minh,TÃ¢n SÆ¡n
84, CÃ³,1 pn, MS279106,,None,,1 t, 100 m,Sá»• Há»“ng, CÃ³, 25 m,https://nhadat24h.net.vn/storage/product/16030/a4.jpg, CÃ³, NhÃ  MTKD Ä‘Æ°á»ng Ã‚u CÆ¡ gáº§n ngÃ£ 3 TrÆ°Æ¡ng CÃ´ng Äá»‹nh - 15 tr/th, KhÃ´ng,0, 20 m,"ÄÆ°á»ng Ã‚u CÆ¡, 14", KhÃ´ng,NhÃ  MTKD Ä‘Æ°á»ng Ã‚u CÆ¡ gáº§n ngÃ£ 3 TrÆ°Æ¡ng CÃ´ng Äá»‹nh - 15 tr/th,1,https://nhadat24h.net.vn/du-an/nha-mtkd-duong-au-co-gan-nga-3-truong-cong-dinh-15-trth/279106, 100 m, 4 m,14,TÃ¢n BÃ¬nh,Há»“ ChÃ­ Minh,Ã‚u CÆ¡
85, KhÃ´ng,0, MS279086,,None,,0, 30 m,Sá»• Äá», CÃ³, 0 m,https://nhadat24h.net.vn/storage/product/11133/1.jpg, CÃ³," Cáº§n cho thuÃª nhÃ  riÃªng 2 PN ( máº·t ngÃµ ) ÄÆ°á»ng Tráº§n KhÃ¡t ChÃ¢n, PhÆ°á»ng Thanh NhÃ n, Quáº­n Hai BÃ  TrÆ°ng, HÃ  Ná»™i", KhÃ´ng,0, 25 m,"ÄÆ°á»ng Tráº§n KhÃ¡t ChÃ¢n, Thanh NhÃ n", KhÃ´ng,"Cáº§n cho thuÃª nhÃ  riÃªng 2 PN ( máº·t ngÃµ ) ÄÆ°á»ng Tráº§n KhÃ¡t ChÃ¢n, PhÆ°á»ng Thanh NhÃ n, Quáº­n Hai BÃ  TrÆ°ng, HÃ  Ná»™i",1,https://nhadat24h.net.vn/du-an/can-cho-thue-nha-rieng-2-pn-mat-ngo-duong-tran-khat-chan-phuong-thanh-nhan-quan-hai-ba-trung-ha-noi/279086, 30 m, 0 m,Thanh NhÃ n,Hai BÃ  TrÆ°ng,HÃ  Ná»™i,Tráº§n KhÃ¡t ChÃ¢n
86, CÃ³,2 pn, MS279116,,None,Nam,0, 140 m,Sá»• Äá», CÃ³, 31 m,https://nhadat24h.net.vn/storage/product/15682/z4908455609132-ef1e603792ffa6afd36815cee08d2e29.jpg, CÃ³," MB kinh doanh MT Pháº¡m Há»¯u Láº§u, vá»‹ trÃ­ Ä‘áº¯c Ä‘á»‹a Ä‘á»ƒ kinh doanh", KhÃ´ng,0, 40 m,"ÄÆ°á»ng , PhÃº Má»¹", KhÃ´ng,"MB kinh doanh MT Pháº¡m Há»¯u Láº§u, vá»‹ trÃ­ Ä‘áº¯c Ä‘á»‹a Ä‘á»ƒ kinh doanh",1,https://nhadat24h.net.vn/du-an/mb-kinh-doanh-mt-pham-huu-lau-vi-tri-dac-dia-de-kinh-doanh/279116, 140 m, 4.5 m,PhÃº Má»¹,7,Há»“ ChÃ­ Minh,None
87, CÃ³,1 pn, MS279134,,None,,1 t, 61 m,Sá»• Äá», CÃ³, 8 m,https://nhadat24h.net.vn/storage/product/5489/z4919013750043-d775c4884e50eba7854ce5ca488ec09b.jpg, CÃ³, Cho ThuÃª sÃ n Vp táº¡i Cáº§u Giáº¥y - NGuyá»…n KhÃ¡nh ToÃ n 60m2 10.5tr/th rá»™ng Ä‘áº¹p thoÃ¡ng cÃ³ pccc thoÃ¡t hiá»ƒm, KhÃ´ng,0, 5 m,"ÄÆ°á»ng Nguyá»…n KhÃ¡nh ToÃ n, Quan Hoa", KhÃ´ng,Cho ThuÃª sÃ n Vp táº¡i Cáº§u Giáº¥y - NGuyá»…n KhÃ¡nh ToÃ n 60m2 10.5tr/th rá»™ng Ä‘áº¹p thoÃ¡ng cÃ³ pccc thoÃ¡t hiá»ƒm,1,https://nhadat24h.net.vn/du-an/cho-thue-san-vp-tai-cau-giay-nguyen-khanh-toan-60m2-105trth-rong-dep-thoang-co-pccc-thoat-hiem/279134, 61 m, 8 m,Quan Hoa,Cáº§u Giáº¥y,HÃ  Ná»™i,Nguyá»…n KhÃ¡nh ToÃ n
88, CÃ³,1 pn, MS279127,,None,,1 t, 25 m,Sá»• Äá», CÃ³, 5 m,https://nhadat24h.net.vn/storage/product/5489/z4918750210552-5cfd4916b2232cb95dd92498a2ab9df2.jpg, CÃ³, CHO THUÃŠ PHÃ’NG TRá»Œ 25M2 CHá»ˆ 3.5TR-4TR Táº I KIM GIANG HOÃ€NG MAI cÃ³ ban cÃ´ng - pccc - full Ä‘á»“. sáº¡ch, KhÃ´ng,0, 5 m,"ÄÆ°á»ng Kim Giang, HoÃ ng Liá»‡t", KhÃ´ng,CHO THUÃŠ PHÃ’NG TRá»Œ 25M2 CHá»ˆ 3.5TR-4TR Táº I KIM GIANG HOÃ€NG MAI cÃ³ ban cÃ´ng - pccc - full Ä‘á»“. sáº¡ch,1,https://nhadat24h.net.vn/du-an/cho-thue-phong-tro-25m2-chi-35tr-4tr-tai-kim-giang-hoang-mai-co-ban-cong-pccc-full-do-sach/279127, 25 m, 5 m,HoÃ ng Liá»‡t,HoÃ ng Mai,HÃ  Ná»™i,Kim Giang
89, CÃ³,1 pn, MS279139,,None,,3 t, 108 m,Sá»• Há»“ng, CÃ³, 18 m,https://nhadat24h.net.vn/storage/product/14669/a9.jpg, CÃ³," NhÃ  MTKD Ä‘Æ°á»ng BÃ¬nh GiÃ£ sÃ¡t Cá»™ng HÃ²a, 3 phÃ²ng, 20 tr/th", KhÃ´ng,0, 20 m,"ÄÆ°á»ng BÃ¬nh GiÃ£, 13", KhÃ´ng,"NhÃ  MTKD Ä‘Æ°á»ng BÃ¬nh GiÃ£ sÃ¡t Cá»™ng HÃ²a, 3 phÃ²ng, 20 tr/th",1,https://nhadat24h.net.vn/du-an/nha-mtkd-duong-binh-gia-sat-cong-hoa-3-phong-20-trth/279139, 108 m, 6 m,13,TÃ¢n BÃ¬nh,Há»“ ChÃ­ Minh,BÃ¬nh GiÃ£
90, KhÃ´ng,0, MS279140,,None,,0, 95 m,Sá»• Äá», CÃ³, 0 m,https://nhadat24h.net.vn/storage/product/2946/405233556-258576187207471-3599057854114694202-n.jpg, CÃ³, ChÃ­nh chá»§ cáº§n cho thuÃª máº·t báº±ng Báº°NG KD - TRáº¦N HUY LIá»†U. TP NAM Äá»ŠNH, KhÃ´ng,0, 1 m,"ÄÆ°á»ng Tráº§n Huy Liá»‡u, Má»¹ XÃ¡", KhÃ´ng,ChÃ­nh chá»§ cáº§n cho thuÃª máº·t báº±ng Báº°NG KD - TRáº¦N HUY LIá»†U. TP NAM Äá»ŠNH,1,https://nhadat24h.net.vn/du-an/chinh-chu-can-cho-thue-mat-bang-bang-kd-tran-huy-lieu-tp-nam-dinh/279140, 95 m, 5 m,Má»¹ XÃ¡,None,Nam Äá»‹nh,Tráº§n Huy Liá»‡u
91, CÃ³,2 pn, MS279141,,None,,2 t, 48 m,Há»£p Ä‘á»“ng mua bÃ¡n, CÃ³, 0 m,https://nhadat24h.net.vn/storage/product/11613/z4916956725746-e5dce97653bab297f2c29ed50f5d7177.jpg, CÃ³," CHO THUÃŠ NHÃ€ NGUYÃŠN CÄ‚N+ Ná»˜I THáº¤T HáººM XE HÆ I TRUNG TÃ‚M XÃƒ VÄ¨NH Lá»˜C B, HUYá»†N BÃŒNH CHÃNH", KhÃ´ng,0, 1 m,"ÄÆ°á»ng LiÃªn khu 4-5, VÄ©nh Lá»™c B", KhÃ´ng,"CHO THUÃŠ NHÃ€ NGUYÃŠN CÄ‚N+ Ná»˜I THáº¤T HáººM XE HÆ I TRUNG TÃ‚M XÃƒ VÄ¨NH Lá»˜C B, HUYá»†N BÃŒNH CHÃNH",1,https://nhadat24h.net.vn/du-an/cho-thue-nha-nguyen-can-noi-that-hem-xe-hoi-trung-tam-xa-vinh-loc-b-huyen-binh-chanh/279141, 48 m, 0 m,VÄ©nh Lá»™c B,BÃ¬nh ChÃ¡nh,Há»“ ChÃ­ Minh,LiÃªn Khu 4-5
92, CÃ³,2 pn, MS279155,,None,,3 t, 40 m,Sá»• Äá», CÃ³, 7 m,https://nhadat24h.net.vn/storage/product/12817/1-90.jpg, CÃ³," Cho thuÃª nhÃ  máº·t ngÃµ rá»™ng 9m, tiá»‡n kinh doanh Ä‘Æ°á»ng LÄ©nh Nam, hoÃ ng mai, Hn", KhÃ´ng,0, 1 m,"ÄÆ°á»ng Há»“ Äá»n Lá»«, LÄ©nh Nam", KhÃ´ng,"Cho thuÃª nhÃ  máº·t ngÃµ rá»™ng 9m, tiá»‡n kinh doanh Ä‘Æ°á»ng LÄ©nh Nam, hoÃ ng mai, Hn",1,https://nhadat24h.net.vn/du-an/cho-thue-nha-mat-ngo-rong-9m-tien-kinh-doanh-duong-linh-nam-hoang-mai-hn/279155, 40 m, 5 m,LÄ©nh Nam,HoÃ ng Mai,HÃ  Ná»™i,Há»“ Äá»n Lá»«
93, KhÃ´ng,0, MS279178,,None,,0, 30 m,Sá»• Äá», CÃ³, 0 m,https://nhadat24h.net.vn/storage/product/7912/z4918758087204-886d0eac26498d314618c68aaaee4f0e.jpg, CÃ³, ChÃ­nh chá»§ cáº§n cho thuÃª nhÃ  táº§ng trá»‡t táº¡i 288 L5 Nam Ká»³ Khá»Ÿi NghÄ©a, KhÃ´ng,0, 15 m,"ÄÆ°á»ng Nam Ká»³ Khá»Ÿi NghÄ©a, 8", KhÃ´ng,ChÃ­nh chá»§ cáº§n cho thuÃª nhÃ  táº§ng trá»‡t táº¡i 288 L5 Nam Ká»³ Khá»Ÿi NghÄ©a,1,https://nhadat24h.net.vn/du-an/chinh-chu-can-cho-thue-nha-tang-tret-tai-288-l5-nam-ky-khoi-nghia/279178, 30 m, 0 m,08,3,Há»“ ChÃ­ Minh,Nam Ká»³ Khá»Ÿi NghÄ©a
94, KhÃ´ng,0, MS279142,,None,,0, 0 m,Sá»• Äá», CÃ³, 0 m,https://nhadat24h.net.vn/, CÃ³," CHÃNH CHá»¦ CHO THUÃŠ PHÃ’NG CÃ“ ÄIá»€U HÃ’A, NÃ“NG Láº NH, GIÆ¯á»œNG Tá»¦ CÃ“ GÃC Xáº¾P .", KhÃ´ng,0, 9 m,"ÄÆ°á»ng ChÃ¢u VÄƒn LiÃªm, PhÃº ÄÃ´", KhÃ´ng,"CHÃNH CHá»¦ CHO THUÃŠ PHÃ’NG CÃ“ ÄIá»€U HÃ’A, NÃ“NG Láº NH, GIÆ¯á»œNG Tá»¦ CÃ“ GÃC Xáº¾P .",1,https://nhadat24h.net.vn/du-an/chinh-chu-cho-thue-phong-co-dieu-hoa-nong-lanh-giuong-tu-co-gac-xep/279142, 0 m, 0 m,PhÃº ÄÃ´,Nam Tá»« LiÃªm,HÃ  Ná»™i,ChÃ¢u VÄƒn LiÃªm
95, CÃ³,1 pn, MS279181,,None,,1 t, 80 m,Sá»• Äá», CÃ³, 0 m,https://nhadat24h.net.vn/storage/product/11100/z4918586992933-3b7d7cb31e9919b820bb43b78ada1cb8.jpg, CÃ³," Do gia Ä‘Ã¬nh mua Ä‘Æ°á»£c nhÃ  má»›i,  cáº§n sang nhÆ°á»£ng láº¡i quÃ¡n Äƒn sÃ¡ng nhÃ  cáº¥p 4 táº¡i ThÃ¡i BÃ¬nh", KhÃ´ng,0, 10 m,"ÄÆ°á»ng Tráº§n HÆ°ng Äáº¡o, Tráº§n HÆ°ng Äáº¡o", KhÃ´ng,"Do gia Ä‘Ã¬nh mua Ä‘Æ°á»£c nhÃ  má»›i,  cáº§n sang nhÆ°á»£ng láº¡i quÃ¡n Äƒn sÃ¡ng nhÃ  cáº¥p 4 táº¡i ThÃ¡i BÃ¬nh",1,https://nhadat24h.net.vn/du-an/do-gia-dinh-mua-duoc-nha-moi-can-sang-nhuong-lai-quan-an-sang-nha-cap-4-tai-thai-binh/279181, 80 m, 0 m,Tráº§n HÆ°ng Äáº¡o,None,ThÃ¡i BÃ¬nh,Tráº§n HÆ°ng Äáº¡o
96, KhÃ´ng,1 pn, MS279558,,None,,0, 200 m,Há»£p Ä‘á»“ng mua bÃ¡n, CÃ³, 0 m,https://nhadat24h.net.vn/storage/product/8348/1-24.jpg, CÃ³," CHO THUÃŠ Máº¶T Báº°NG VÃ€ Äáº¤T Cá»°C Rá»˜NG ÄANG LÃ€M BÃƒI XE - ÄÆ°á»ng Linh Trung, PhÆ°á»ng Linh Trung, TP Thá»§ Äá»©c", KhÃ´ng,0, 10 m,"ÄÆ°á»ng Linh Trung, Linh Trung", KhÃ´ng,"CHO THUÃŠ Máº¶T Báº°NG VÃ€ Äáº¤T Cá»°C Rá»˜NG ÄANG LÃ€M BÃƒI XE - ÄÆ°á»ng Linh Trung, PhÆ°á»ng Linh Trung, TP Thá»§ Äá»©c",1,https://nhadat24h.net.vn/du-an/cho-thue-mat-bang-va-dat-cuc-rong-dang-lam-bai-xe-duong-linh-trung-phuong-linh-trung-tp-thu-duc/279558, 200 m, 0 m,Linh Trung,Thá»§ Äá»©c,Há»“ ChÃ­ Minh,None
98, CÃ³,1 pn, MS279578,,None,,1 t, 12 m,Há»£p Ä‘á»“ng mua bÃ¡n, CÃ³, 4 m,https://nhadat24h.net.vn/storage/product/8348/47a96fb7-cc97-44df-a4d1-fc359dcf8c65.jpg, CÃ³," Cáº§n sang nhÆ°á»£ng láº¡i quÃ¡n bÃ¡n Ä‘á»“ Äƒn váº·t vÃ  xe nÆ°á»›c mÃ­a á»Ÿ 128 Nguyá»…n ThÃ¡i BÃ¬nh, P12, TÃ¢n BÃ¬nh", KhÃ´ng,0, 6 m,"ÄÆ°á»ng Nguyá»…n ThÃ¡i BÃ¬nh, 12", KhÃ´ng,"Cáº§n sang nhÆ°á»£ng láº¡i quÃ¡n bÃ¡n Ä‘á»“ Äƒn váº·t vÃ  xe nÆ°á»›c mÃ­a á»Ÿ 128 Nguyá»…n ThÃ¡i BÃ¬nh, P12, TÃ¢n BÃ¬nh",1,https://nhadat24h.net.vn/du-an/can-sang-nhuong-lai-quan-ban-do-an-vat-va-xe-nuoc-mia-o-128-nguyen-thai-binh-p12-tan-binh/279578, 12 m, 3 m,12,TÃ¢n BÃ¬nh,Há»“ ChÃ­ Minh,Nguyá»…n ThÃ¡i BÃ¬nh
100, CÃ³,0, MS279588,,"giÃ¡ thuÃª 25tr/thÃ¡ng.QuÃ½ a/chá»‹ vui lÃ²ng liÃªn há»‡ Ä‘á»ƒ tÆ° váº¥n tá»‘t hÆ¡n,khÃ´ng nháº­n tin nháº¯n.",Nam,0, 220 m,Sá»• Äá», CÃ³, 28 m,https://nhadat24h.net.vn/storage/product/16120/405246078-5627559617368974-228869721505051822-n.jpg, CÃ³, Cho thue hai máº·t tiá»n XÃ´ Viáº¿t Nghá»‡ TÄ©nh gáº§n Nguyá»…n Há»¯u Thá», KhÃ´ng,0, 40 m,"ÄÆ°á»ng XÃ´ Viáº¿t Nghá»‡ TÄ©nh, KhuÃª Trung", KhÃ´ng,Cho thue hai máº·t tiá»n XÃ´ Viáº¿t Nghá»‡ TÄ©nh gáº§n Nguyá»…n Há»¯u Thá»,1,https://nhadat24h.net.vn/du-an/cho-thue-hai-mat-tien-xo-viet-nghe-tinh-gan-nguyen-huu-tho/279588, 220 m, 8 m,KhuÃª Trung,Cáº©m Lá»‡,ÄÃ  Náºµng,XÃ´ Viáº¿t Nghá»‡ TÄ©nh
101, CÃ³,2 pn, MS279589,,None,,2 t, 80 m,Há»£p Ä‘á»“ng mua bÃ¡n, CÃ³, 0 m,https://nhadat24h.net.vn/storage/product/5942/1-1.jpg, CÃ³," Cho thuÃª PHÃ’NG ÄÃ”I  full ná»™i tháº¥t [9tr] gáº§n NgÃ£ tá»± Báº£y Hiá»n ngay Nguyá»…n ThÃ¡i BÃ¬nh,P4, TÃ¢n BÃ¬nh", KhÃ´ng,0, 6 m,"ÄÆ°á»ng Nguyá»…n ThÃ¡i BÃ¬nh, 4", KhÃ´ng,"Cho thuÃª PHÃ’NG ÄÃ”I  full ná»™i tháº¥t [9tr] gáº§n NgÃ£ tá»± Báº£y Hiá»n ngay Nguyá»…n ThÃ¡i BÃ¬nh,P4, TÃ¢n BÃ¬nh",1,https://nhadat24h.net.vn/du-an/cho-thue-phong-doi-full-noi-that-9tr-gan-nga-tu-bay-hien-ngay-nguyen-thai-binhp4-tan-binh/279589, 80 m, 0 m,04,TÃ¢n BÃ¬nh,Há»“ ChÃ­ Minh,Nguyá»…n ThÃ¡i BÃ¬nh
102, CÃ³,2 pn, MS279592,,None,,2 t, 50 m,Há»£p Ä‘á»“ng mua bÃ¡n, CÃ³, 0 m,https://nhadat24h.net.vn/storage/product/7053/1-4.jpg, CÃ³," Cho thuÃª 2 PhÃ²ng á»Ÿ 20/4 Nguyá»…n Ngá»c Nhá»±t, TÃ¢n QuÃ½, TÃ¢n PhÃº", KhÃ´ng,0, 6 m,"ÄÆ°á»ng Nguyá»…n Ngá»c Nhá»±t, TÃ¢n QuÃ½", KhÃ´ng,"Cho thuÃª 2 PhÃ²ng á»Ÿ 20/4 Nguyá»…n Ngá»c Nhá»±t, TÃ¢n QuÃ½, TÃ¢n PhÃº",1,https://nhadat24h.net.vn/du-an/cho-thue-2-phong-o-204-nguyen-ngoc-nhut-tan-quy-tan-phu/279592, 50 m, 0 m,TÃ¢n QuÃ½,TÃ¢n PhÃº,Há»“ ChÃ­ Minh,Nguyá»…n Ngá»c Nhá»±t
103, CÃ³,2 pn, MS279608,,None,,1 t, 32 m,Há»£p Ä‘á»“ng mua bÃ¡n, CÃ³, 0 m,https://nhadat24h.net.vn/storage/product/15044/94013329876a9c21b00ed257801820fa-2853496980752761342.jpg, CÃ³," CHO Ná»® THUÃŠ PHÃ’NG NGAY TRUNG TÃ‚M QUáº¬N 10 (257/5/21 Ä‘Æ°á»ng 3/2, P10, Quáº­n 10)", KhÃ´ng,0, 6 m,"ÄÆ°á»ng 3/2, 10", KhÃ´ng,"CHO Ná»® THUÃŠ PHÃ’NG NGAY TRUNG TÃ‚M QUáº¬N 10 (257/5/21 Ä‘Æ°á»ng 3/2, P10, Quáº­n 10)",1,https://nhadat24h.net.vn/du-an/cho-nu-thue-phong-ngay-trung-tam-quan-10-257521-duong-32-p10-quan-10/279608, 32 m, 0 m,10,10,Há»“ ChÃ­ Minh,3/2
104, CÃ³,1 pn, MS279605,,None,,2 t, 100 m,Há»£p Ä‘á»“ng mua bÃ¡n, CÃ³, 0 m,https://nhadat24h.net.vn/storage/product/15044/1-36.jpg, CÃ³," ChÃ­nh chá»§ cho thuÃª nhÃ  nguyÃªn cÄƒn má»›i xÃ¢y xong á»Ÿ Háº»m 54 Ä‘Æ°á»ng sá»‘ 7, Linh Trung, Thá»§ Äá»©c.", KhÃ´ng,0, 4 m,"ÄÆ°á»ng Sá»‘ 7, Linh Trung", KhÃ´ng,"ChÃ­nh chá»§ cho thuÃª nhÃ  nguyÃªn cÄƒn má»›i xÃ¢y xong á»Ÿ Háº»m 54 Ä‘Æ°á»ng sá»‘ 7, Linh Trung, Thá»§ Äá»©c.",1,https://nhadat24h.net.vn/du-an/chinh-chu-cho-thue-nha-nguyen-can-moi-xay-xong-o-hem-54-duong-so-7-linh-trung-thu-duc/279605, 100 m, 0 m,Linh Trung,Thá»§ Äá»©c,Há»“ ChÃ­ Minh,None
105, CÃ³,1 pn, MS279653,,None,,1 t, 45 m,Sá»• Äá», CÃ³, 10 m,https://nhadat24h.net.vn/storage/product/16069/a0-1.jpg, CÃ³," ğŸ’¥ NhÃ  GÃ³c 2 MTKD Ä‘Æ°á»ng Phá»• Quang, F2, TB - chá»‰ 8 tr/th", KhÃ´ng,0, 20 m,"ÄÆ°á»ng Phá»• Quang, 2", KhÃ´ng,"ğŸ’¥ NhÃ  GÃ³c 2 MTKD Ä‘Æ°á»ng Phá»• Quang, F2, TB - chá»‰ 8 tr/th",1,https://nhadat24h.net.vn/du-an/nha-goc-2-mtkd-duong-pho-quang-f2-tb-chi-8-trth/279653, 45 m, 4 m,02,TÃ¢n BÃ¬nh,Há»“ ChÃ­ Minh,Phá»• Quang
106, CÃ³,4 pn, MS279656,,None,,5 t, 380 m,Sá»• Há»“ng, CÃ³, 19 m,https://nhadat24h.net.vn/storage/product/16069/a1-26.jpg, CÃ³," ğŸ’¥ NhÃ  4 táº§ng 5PN - CÃ³ 2 máº·t tiá»n Ä‘Æ°á»ng TÃ¢n SÆ¡n, chá»‰ 25 tr/th", KhÃ´ng,0, 30 m,"ÄÆ°á»ng TÃ¢n SÆ¡n, 15", KhÃ´ng,"ğŸ’¥ NhÃ  4 táº§ng 5PN - CÃ³ 2 máº·t tiá»n Ä‘Æ°á»ng TÃ¢n SÆ¡n, chá»‰ 25 tr/th",1,https://nhadat24h.net.vn/du-an/nha-4-tang-5pn-co-2-mat-tien-duong-tan-son-chi-25-trth/279656, 380 m, 5 m,15,TÃ¢n BÃ¬nh,Há»“ ChÃ­ Minh,TÃ¢n SÆ¡n
107, CÃ³,4 pn, MS279654,,"- Vá»‹ trÃ­: Gáº§n chá»£ HoÃ ng Hoa ThÃ¡m, Coorpmart, nhÃ  thuá»‘c Long ChÃ¢u siÃªu thá»‹, ngÃ¢n hÃ ng, chá»£, xe buÃ½t, sÃ¢n bay, trÆ°á»ng há»cÂ ",,5 t, 182 m,Sá»• Há»“ng, CÃ³, 13 m,https://nhadat24h.net.vn/storage/product/16069/a0-2.jpg, CÃ³," ğŸ’¥ NhÃ  4 táº§ng Máº·t tiá»n Ä‘Æ°á»ng Nguyá»…n ThÃ¡i BÃ¬nh, TB - chá»‰ 16 tr/th", KhÃ´ng,0, 20 m,"ÄÆ°á»ng Nguyá»…n ThÃ¡i BÃ¬nh, 12", KhÃ´ng,"ğŸ’¥ NhÃ  4 táº§ng Máº·t tiá»n Ä‘Æ°á»ng Nguyá»…n ThÃ¡i BÃ¬nh, TB - chá»‰ 16 tr/th",1,https://nhadat24h.net.vn/du-an/nha-4-tang-mat-tien-duong-nguyen-thai-binh-tb-chi-16-trth/279654, 182 m, 3.5 m,12,TÃ¢n BÃ¬nh,Há»“ ChÃ­ Minh,Nguyá»…n ThÃ¡i BÃ¬nh
108, CÃ³,1 pn, MS279655,,None,,1 t, 42 m,Sá»• Há»“ng, CÃ³, 7 m,https://nhadat24h.net.vn/storage/product/16069/a1-25.jpg, CÃ³," ğŸ’¥ Máº·t tiá»n Háº»m 68 Ä‘Æ°á»ng Ãšt Tá»‹ch, ngang 6m x7m, 12 tr/th", KhÃ´ng,0, 6 m,"ÄÆ°á»ng Ãšt Tá»‹ch, 4", KhÃ´ng,"ğŸ’¥ Máº·t tiá»n Háº»m 68 Ä‘Æ°á»ng Ãšt Tá»‹ch, ngang 6m x7m, 12 tr/th",1,https://nhadat24h.net.vn/du-an/mat-tien-hem-68-duong-ut-tich-ngang-6m-x7m-12-trth/279655, 42 m, 6 m,04,TÃ¢n BÃ¬nh,Há»“ ChÃ­ Minh,Ãšt Tá»‹ch
109, CÃ³,1 pn, MS279485,,None,,1 t, 100 m,Sá»• Äá», CÃ³, 25 m,https://nhadat24h.net.vn/storage/product/6761/t440x300.jpg, CÃ³, Cáº§n sang nhÆ°á»£ng tiá»‡m Spa-Nail- gá»i dÆ°á»¡ng sinh táº¡i 90tráº§n quÃ½ p6 q11, KhÃ´ng,0, 10 m,"ÄÆ°á»ng Tráº§n QuÃ½, 6", KhÃ´ng,Cáº§n sang nhÆ°á»£ng tiá»‡m Spa-Nail- gá»i dÆ°á»¡ng sinh táº¡i 90tráº§n quÃ½ p6 q11,1,https://nhadat24h.net.vn/du-an/can-sang-nhuong-tiem-spa-nail-goi-duong-sinh-tai-90tran-quy-p6-q11/279485, 100 m, 4 m,06,11,Há»“ ChÃ­ Minh,Tráº§n QuÃ½
110, KhÃ´ng,0, MS279669,,None,,0, 50 m,Sá»• Há»“ng, CÃ³, 10 m,https://nhadat24h.net.vn/storage/product/15925/z4921052429309-2b966158851fa285d61321e7a00dfc93.jpg, CÃ³," PhÃ²ng Rá»™ng ThoÃ¡ng MÃ¡t Cho ThuÃª Nhanh Trong ThÃ¡ng, ÄÆ°á»ng Cáº§m BÃ¡ ThÆ°á»›c - PhÃº Nhuáº­n", KhÃ´ng,0, 1 m,"ÄÆ°á»ng Cáº§m BÃ¡ ThÆ°á»›c, 7", KhÃ´ng,"PhÃ²ng Rá»™ng ThoÃ¡ng MÃ¡t Cho ThuÃª Nhanh Trong ThÃ¡ng, ÄÆ°á»ng Cáº§m BÃ¡ ThÆ°á»›c - PhÃº Nhuáº­n",1,https://nhadat24h.net.vn/du-an/phong-rong-thoang-mat-cho-thue-nhanh-trong-thang-duong-cam-ba-thuoc-phu-nhuan/279669, 50 m, 5 m,07,PhÃº Nhuáº­n,Há»“ ChÃ­ Minh,Cáº§m BÃ¡ ThÆ°á»›c
111, CÃ³,1 pn, MS279489,,None,,1 t, 176 m,Sá»• Äá», CÃ³, 17.6 m,https://nhadat24h.net.vn/storage/product/6761/z4918919293026-d232da9e9a11e158d7cd4536d637e0a1.jpg, CÃ³, SANG NHÆ¯á»¢NG SHOP THá»œI TRANG QUáº¢NG CHÃ‚U CAO Cáº¤P Äá»‹a chá»‰: An HÃ²a - Ngá» DÆ°Æ¡ng - An DÆ°Æ¡ng - Háº£i PhÃ²ng, KhÃ´ng,0, 10 m,"ÄÆ°á»ng 10, An HÃ²a", KhÃ´ng,SANG NHÆ¯á»¢NG SHOP THá»œI TRANG QUáº¢NG CHÃ‚U CAO Cáº¤P Äá»‹a chá»‰: An HÃ²a - Ngá» DÆ°Æ¡ng - An DÆ°Æ¡ng - Háº£i PhÃ²ng,1,https://nhadat24h.net.vn/du-an/sang-nhuong-shop-thoi-trang-quang-chau-cao-cap-dia-chi-an-hoa-ngo-duong-an-duong-hai-phong/279489, 176 m, 10 m,An HoÃ ,An DÆ°Æ¡ng,Háº£i PhÃ²ng,None
112, CÃ³,1 pn, MS279493,,None,,1 t, 90 m,Sá»• Äá», CÃ³, 10 m,https://nhadat24h.net.vn/storage/product/6761/z4919704031925-3ab3332409aada5335258863054cf96b.jpg, CÃ³, Cáº¦N SANG NHÆ¯á»¢NG Láº I QUÃN CAFE GÃ“C Cá»¦A KHU Sáº¦M Uáº¤T Äá»ŠA CHá»ˆ QUY NHÆ N BÃŒNH Äá»ŠNH, KhÃ´ng,0, 10 m,"ÄÆ°á»ng 1, BÃ¹i Thá»‹ XuÃ¢n", KhÃ´ng,Cáº¦N SANG NHÆ¯á»¢NG Láº I QUÃN CAFE GÃ“C Cá»¦A KHU Sáº¦M Uáº¤T Äá»ŠA CHá»ˆ QUY NHÆ N BÃŒNH Äá»ŠNH,1,https://nhadat24h.net.vn/du-an/can-sang-nhuong-lai-quan-cafe-goc-cua-khu-sam-uat-dia-chi-quy-nhon-binh-dinh/279493, 90 m, 9 m,BÃ¹i Thá»‹ XuÃ¢n,None,BÃ¬nh Äá»‹nh,None
114, KhÃ´ng,1 pn, MS279504,,None,,0, 16 m,Sá»• Äá», CÃ³, 0 m,https://nhadat24h.net.vn/storage/product/5465/download.jpg, CÃ³," ChÃ­nh chá»§ cáº§n cho thuÃª phÃ²ng trá» táº§ng 1 cÃ³ mÃ¡y láº¡nh, khu yÃªn tÄ©nh. lh 0786847950", KhÃ´ng,0, 4 m,"ÄÆ°á»ng , 1", KhÃ´ng,"ChÃ­nh chá»§ cáº§n cho thuÃª phÃ²ng trá» táº§ng 1 cÃ³ mÃ¡y láº¡nh, khu yÃªn tÄ©nh. lh 0786847950",1,https://nhadat24h.net.vn/du-an/chinh-chu-can-cho-thue-phong-tro-tang-1-co-may-lanh-khu-yen-tinh-lh-0786847950/279504, 16 m, 0 m,01,4,Há»“ ChÃ­ Minh,None
117, CÃ³,4 pn, MS279514,,"- Diá»‡n tÃ­ch: 100m2 , máº·t tiá»n 5m, vá»‰a hÃ¨ má»—i bÃªn 5m. ",,5 t, 100 m,Sá»• Äá», CÃ³, 0 m,https://nhadat24h.net.vn/storage/product/14448/z4919365818059-43da6eb41357774dfba0e213e7d9130d.jpg, CÃ³," CHÃNH CHá»¦ Cáº¦N CHO THUÃŠ NHÃ€ NGUYÃŠN CÄ‚N Máº¶T ÄÆ¯á»œNG HOÃ€NG THáº¾ THIá»†N, ÄÃ”NG Háº¢I 1, Háº¢I AN, Háº¢I PHÃ’NG", KhÃ´ng,0, 6 m,"ÄÆ°á»ng HoÃ ng Tháº¿ Thiá»‡n, ÄÃ´ng Háº£i 1", KhÃ´ng,"CHÃNH CHá»¦ Cáº¦N CHO THUÃŠ NHÃ€ NGUYÃŠN CÄ‚N Máº¶T ÄÆ¯á»œNG HOÃ€NG THáº¾ THIá»†N, ÄÃ”NG Háº¢I 1, Háº¢I AN, Háº¢I PHÃ’NG",1,https://nhadat24h.net.vn/du-an/chinh-chu-can-cho-thue-nha-nguyen-can-mat-duong-hoang-the-thien-dong-hai-1-hai-an-hai-phong/279514, 100 m, 0 m,ÄÃ´ng Háº£i 1,Háº£i An,Háº£i PhÃ²ng,HoÃ ng Tháº¿ Thiá»‡n
118, KhÃ´ng,0, MS279517,,None,,0, 120 m,Sá»• Äá», CÃ³, 0 m,https://nhadat24h.net.vn/storage/product/8971/z4919898568861-d589b1677b271f7522d71d6579a4da83.jpg, CÃ³, %% CHÃNH CHá»¦ Cáº¦N CHO THUÃŠ 2 VÄ‚N PHÃ’NG á» HOÃ€NG VÄ‚N THá»¤ - QUáº¬N TÃ‚N BÃŒNH â€“ TP.HCM., KhÃ´ng,0, 6 m,"ÄÆ°á»ng HoÃ ng VÄƒn Thá»¥, 4", KhÃ´ng,%% CHÃNH CHá»¦ Cáº¦N CHO THUÃŠ 2 VÄ‚N PHÃ’NG á» HOÃ€NG VÄ‚N THá»¤ - QUáº¬N TÃ‚N BÃŒNH â€“ TP.HCM.,1,https://nhadat24h.net.vn/du-an/chinh-chu-can-cho-thue-2-van-phong-o-hoang-van-thu-quan-tan-binh-tphcm/279517, 120 m, 0 m,04,TÃ¢n BÃ¬nh,Há»“ ChÃ­ Minh,HoÃ ng VÄƒn Thá»¥
123, CÃ³,1 pn, MS279326,,None,,3 t, 108 m,Sá»• Há»“ng, CÃ³, 18 m,https://nhadat24h.net.vn/storage/product/16078/a9.jpg, CÃ³," â™¥ï¸â™¥ï¸ NhÃ  MTKD ngÃ£ 3 Cá»™ng HÃ²a, 3 phÃ²ng ngá»§, 20 tr/th", KhÃ´ng,0, 20 m,"ÄÆ°á»ng BÃ¬nh GiÃ£, 13", KhÃ´ng,"â™¥ï¸â™¥ï¸ NhÃ  MTKD ngÃ£ 3 Cá»™ng HÃ²a, 3 phÃ²ng ngá»§, 20 tr/th",1,https://nhadat24h.net.vn/du-an/nha-mtkd-nga-3-cong-hoa-3-phong-ngu-20-trth/279326, 108 m, 6 m,13,TÃ¢n BÃ¬nh,Há»“ ChÃ­ Minh,BÃ¬nh GiÃ£
124, CÃ³,2 pn, MS279329,,None,,4 t, 200 m,Sá»• Há»“ng, CÃ³, 25 m,https://nhadat24h.net.vn/storage/product/16069/a0.jpg, CÃ³, â™¥ï¸â™¥ï¸ NhÃ  2 táº§ng MTKD Ä‘Æ°á»ng Phá»• Quang - 25 tr/th, KhÃ´ng,0, 20 m,"ÄÆ°á»ng Phá»• Quang, 2", KhÃ´ng,â™¥ï¸â™¥ï¸ NhÃ  2 táº§ng MTKD Ä‘Æ°á»ng Phá»• Quang - 25 tr/th,1,https://nhadat24h.net.vn/du-an/nha-2-tang-mtkd-duong-pho-quang-25-trth/279329, 200 m, 4 m,02,PhÃº Nhuáº­n,Há»“ ChÃ­ Minh,Phá»• Quang
125, CÃ³,1 pn, MS279328,,None,,1 t, 100 m,Sá»• Há»“ng, CÃ³, 25 m,https://nhadat24h.net.vn/storage/product/16069/a4-1.jpg, CÃ³, â™¥ï¸â™¥ï¸ NhÃ  MTKD Ä‘Æ°á»ng Ã‚u CÆ¡ giÃ¡p ngÃ£ 3 TrÆ°Æ¡ng CÃ´ng Äá»‹nh - 15 tr/th, KhÃ´ng,0, 20 m,"ÄÆ°á»ng Ã‚u CÆ¡, 14", KhÃ´ng,â™¥ï¸â™¥ï¸ NhÃ  MTKD Ä‘Æ°á»ng Ã‚u CÆ¡ giÃ¡p ngÃ£ 3 TrÆ°Æ¡ng CÃ´ng Äá»‹nh - 15 tr/th,1,https://nhadat24h.net.vn/du-an/nha-mtkd-duong-au-co-giap-nga-3-truong-cong-dinh-15-trth/279328, 100 m, 4 m,14,TÃ¢n BÃ¬nh,Há»“ ChÃ­ Minh,Ã‚u CÆ¡
127, CÃ³,1 pn, MS279334,,None,,2 t, 63 m,Sá»• Há»“ng, CÃ³, 15 m,https://nhadat24h.net.vn/storage/product/16069/a1-23.jpg, CÃ³, â™¥ï¸â™¥ï¸ NhÃ  Háº»m 20m Ä‘Æ°á»ng Báº¡ch Äáº±ng gáº§n sÃ¢n bay - 12 tr/th, KhÃ´ng,0, 20 m,"ÄÆ°á»ng Báº¡ch Äáº±ng, 2", KhÃ´ng,â™¥ï¸â™¥ï¸ NhÃ  Háº»m 20m Ä‘Æ°á»ng Báº¡ch Äáº±ng gáº§n sÃ¢n bay - 12 tr/th,1,https://nhadat24h.net.vn/du-an/nha-hem-20m-duong-bach-dang-gan-san-bay-12-trth/279334, 63 m, 4.2 m,02,TÃ¢n BÃ¬nh,Há»“ ChÃ­ Minh,Báº¡ch Äáº±ng
128, CÃ³,2 pn, MS279333,,None,,5 t, 44 m,Sá»• Há»“ng, CÃ³, 11 m,https://nhadat24h.net.vn/storage/product/16069/a1-22.jpg, CÃ³," â™¥ï¸â™¥ï¸ NhÃ  SÆ° Váº¡n Háº¡nh, 2 táº§ng 5PN, 10 tr/th", KhÃ´ng,0, 20 m,"ÄÆ°á»ng SÆ° Váº¡n Háº¡nh, 15", KhÃ´ng,"â™¥ï¸â™¥ï¸ NhÃ  SÆ° Váº¡n Háº¡nh, 2 táº§ng 5PN, 10 tr/th",1,https://nhadat24h.net.vn/du-an/nha-su-van-hanh-2-tang-5pn-10-trth/279333, 44 m, 4 m,15,10,Há»“ ChÃ­ Minh,SÆ° Váº¡n Háº¡nh
129, CÃ³,2 pn, MS279174,,None,ÄÃ´ng Nam,2 t, 25 m,Sá»• Äá», CÃ³, 6 m,https://nhadat24h.net.vn/storage/product/8400/5-1.jpg, CÃ³," ChÃ­nh chá»§ cáº§n cho thuÃª 2 nhÃ  riÃªng biá»‡t táº¡i phÆ°á»ng 12 quáº­n 11, Tp.HCM", KhÃ´ng,0, 2.5 m,"ÄÆ°á»ng ÄÆ°á»ng 3 thÃ¡ng 2, PhÆ°á»ng 12", KhÃ´ng,"ChÃ­nh chá»§ cáº§n cho thuÃª 2 nhÃ  riÃªng biá»‡t táº¡i phÆ°á»ng 12 quáº­n 11, Tp.HCM",1,https://nhadat24h.net.vn/du-an/chinh-chu-can-cho-thue-2-nha-rieng-biet-tai-phuong-12-quan-11-tphcm/279174, 25 m, 4 m,12,11,Há»“ ChÃ­ Minh,None
130, CÃ³,7 pn, MS279347,,None,,5 t, 270 m,Sá»• Äá», CÃ³, 30 m,https://nhadat24h.net.vn/storage/product/8400/6.jpg, CÃ³," Cho ThuÃª TÃ²a NhÃ  VÄƒn PhÃ²ng Cao Cáº¥p táº¡i ÄÆ°á»ng Tráº§n Thá»‹ Cá», PhÆ°á»ng Thá»›i An, Quáº­n 12, TP.HCM", KhÃ´ng,0, 8 m,"ÄÆ°á»ng Tráº§n Thá»‹ Cá», Thá»›i An", KhÃ´ng,"Cho ThuÃª TÃ²a NhÃ  VÄƒn PhÃ²ng Cao Cáº¥p táº¡i ÄÆ°á»ng Tráº§n Thá»‹ Cá», PhÆ°á»ng Thá»›i An, Quáº­n 12, TP.HCM",1,https://nhadat24h.net.vn/du-an/cho-thue-toa-nha-van-phong-cao-cap-tai-duong-tran-thi-co-phuong-thoi-an-quan-12-tphcm/279347, 270 m, 9 m,Thá»›i An,12,Há»“ ChÃ­ Minh,Tráº§n Thá»‹ Cá»
134, KhÃ´ng,0, MS279013,,=> LIÃŠN Há»†: 0978186395 ( NHÃ€ TRá»Œ NHá»”N Cáº¦U DIá»„N XUÃ‚N PHÆ¯Æ NG FPT),,0, 30 m,Sá»• Äá», CÃ³, 0 m,https://nhadat24h.net.vn/storage/product/15680/z4916363713662-78dd0568cb398f44ddeb5e56b9a77516.jpg, CÃ³," âŒ CHÃNH CHá»¦ ÄÄ‚NG TIN CHO THUÃŠ PHÃ’NG Táº I XÃƒ VÃ‚N CANH, HUYá»†N HOÃ€I Äá»¨C, TP HÃ€ Ná»˜I", KhÃ´ng,0, 4.5 m,"ÄÆ°á»ng 422B, VÃ¢n Canh", KhÃ´ng,"âŒ CHÃNH CHá»¦ ÄÄ‚NG TIN CHO THUÃŠ PHÃ’NG Táº I XÃƒ VÃ‚N CANH, HUYá»†N HOÃ€I Äá»¨C, TP HÃ€ Ná»˜I",1,https://nhadat24h.net.vn/du-an/chinh-chu-dang-tin-cho-thue-phong-tai-xa-van-canh-huyen-hoai-duc-tp-ha-noi/279013, 30 m, 0 m,VÃ¢n Canh,HoÃ i Äá»©c,Lá»™ 422B,None
135, CÃ³,1 pn, MS278614,,None,,3 t, 20 m,Sá»• Äá», CÃ³, 5 m,https://nhadat24h.net.vn/storage/product/6761/z4914768074034-be8f04031aa9fd54e06115f21f5fdc77.jpg, CÃ³," CHO THUÃŠ PHÃ’NG HOáº¶C SANG NHÆ¯á»¢NG  Äá»ŠA CHá»ˆ 34 NGUYá»„N CÃ”NG HOAN, PHÆ¯á»œNG 7, PHÃš NHUáº¬N, Há»’ CHÃ MINH", KhÃ´ng,0, 10 m,"ÄÆ°á»ng Nguyá»…n CÃ´ng Hoan, 7", KhÃ´ng,"CHO THUÃŠ PHÃ’NG HOáº¶C SANG NHÆ¯á»¢NG  Äá»ŠA CHá»ˆ 34 NGUYá»„N CÃ”NG HOAN, PHÆ¯á»œNG 7, PHÃš NHUáº¬N, Há»’ CHÃ MINH",1,https://nhadat24h.net.vn/du-an/cho-thue-phong-hoac-sang-nhuong-dia-chi-34-nguyen-cong-hoan-phuong-7-phu-nhuan-ho-chi-minh/278614, 20 m, 4 m,07,PhÃº Nhuáº­n,Há»“ ChÃ­ Minh,Nguyá»…n CÃ´ng Hoan
136, CÃ³,1 pn, MS278613,,None,,1 t, 48 m,Sá»• Äá», CÃ³, 12 m,https://nhadat24h.net.vn/storage/product/6761/z4914976104895-79daacb2b8484b8f985e261815889508.jpg, CÃ³," CHO THUÃŠ Máº¶T Báº°NG Äá»ŠA CHá»ˆ: 7 HoÃ¨ Nhai, Nguyá»…n Trung Trá»±c, Ba ÄÃ¬nh, HN", KhÃ´ng,0, 10 m,"ÄÆ°á»ng HÃ²e Nhai, Nguyá»…n Trung Trá»±c", KhÃ´ng,"CHO THUÃŠ Máº¶T Báº°NG Äá»ŠA CHá»ˆ: 7 HoÃ¨ Nhai, Nguyá»…n Trung Trá»±c, Ba ÄÃ¬nh, HN",1,https://nhadat24h.net.vn/du-an/cho-thue-mat-bang-dia-chi-7-hoe-nhai-nguyen-trung-truc-ba-dinh-hn/278613, 48 m, 4 m,Nguyá»…n Trung Trá»±c,Ba ÄÃ¬nh,HÃ  Ná»™i,HÃ²e Nhai
137, KhÃ´ng,0, MS278609,,None,,0, 90 m,Sá»• Äá», CÃ³, 0 m,https://nhadat24h.net.vn/storage/product/6165/z4883777203292-e3c3117255f81988d398ee9e1e79b65e.jpg, CÃ³," MÃ¬nh cáº§n sang nhÆ°á»£ng quÃ¡n cafe kiÃªm nhÃ  hÃ ng táº¡i phá»‘ cá»• 15 ÄÃ o Duy Tá»«, HoÃ n Kiáº¿m, HÃ  Ná»™i", KhÃ´ng,0, 12 m,"ÄÆ°á»ng ÄÃ o Duy Tá»«, HaÌ€ng BuÃ´Ì€m", KhÃ´ng,"MÃ¬nh cáº§n sang nhÆ°á»£ng quÃ¡n cafe kiÃªm nhÃ  hÃ ng táº¡i phá»‘ cá»• 15 ÄÃ o Duy Tá»«, HoÃ n Kiáº¿m, HÃ  Ná»™i",1,https://nhadat24h.net.vn/du-an/minh-can-sang-nhuong-quan-cafe-kiem-nha-hang-tai-pho-co-15-dao-duy-tu-hoan-kiem-ha-noi/278609, 90 m, 0 m,HÃ ng Buá»“m,HoÃ n Kiáº¿m,HÃ  Ná»™i,ÄÃ o Duy Tá»«
138, CÃ³,12 pn, MS278608,,None,,1 t, 4000 m,Sá»• Äá», CÃ³, 200 m,https://nhadat24h.net.vn/storage/product/6761/z4915981192172-1fc188cb47f748bdb68e9607336b2347.jpg, CÃ³, CHO THUÃŠ TÃ’A NHÃ€ CAO 12 Táº¦NG LÃ€M VÄ‚N PHÃ’NG Vá»Š TRÃ Äáº®C Äá»ŠA LIÃŠN Há»† CHÃNH CHá»¦ GIÃ Cáº¢ THá»A THUáº¬N, KhÃ´ng,0, 10 m,"ÄÆ°á»ng XuÃ¢n La, XuÃ¢n La", KhÃ´ng,CHO THUÃŠ TÃ’A NHÃ€ CAO 12 Táº¦NG LÃ€M VÄ‚N PHÃ’NG Vá»Š TRÃ Äáº®C Äá»ŠA LIÃŠN Há»† CHÃNH CHá»¦ GIÃ Cáº¢ THá»A THUáº¬N,1,https://nhadat24h.net.vn/du-an/cho-thue-toa-nha-cao-12-tang-lam-van-phong-vi-tri-dac-dia-lien-he-chinh-chu-gia-ca-thoa-thuan/278608, 4000 m, 20 m,XuÃ¢n La,TÃ¢y Há»“,HÃ  Ná»™i,XuÃ¢n La
139, KhÃ´ng,0, MS278626,,None,,0, 0 m,Sá»• Äá», CÃ³, 0 m,https://nhadat24h.net.vn/storage/product/6165/c1jpg-bak-638304759623948837jpg-bak-638337568287665676jpg-bak-638337572585216512-1.jpg, CÃ³," CHÃNH CHá»¦ Cáº¦N SANG NHÆ¯á»¢NG NHÃ€ THUá»C Táº I PHÆ¯á»œNG PHÆ¯Æ NG LIá»†T, QUáº¬N THANH XUÃ‚N, HÃ€ Ná»˜I", KhÃ´ng,0, 10 m,"ÄÆ°á»ng , PhÆ°Æ¡ng Liá»‡t", KhÃ´ng,"CHÃNH CHá»¦ Cáº¦N SANG NHÆ¯á»¢NG NHÃ€ THUá»C Táº I PHÆ¯á»œNG PHÆ¯Æ NG LIá»†T, QUáº¬N THANH XUÃ‚N, HÃ€ Ná»˜I",1,https://nhadat24h.net.vn/du-an/chinh-chu-can-sang-nhuong-nha-thuoc-tai-phuong-phuong-liet-quan-thanh-xuan-ha-noi/278626, 0 m, 0 m,PhÆ°Æ¡ng Liá»‡t,Thanh XuÃ¢n,HÃ  Ná»™i,ChÃ­nh Kinh
140, CÃ³,1 pn, MS278606,,None,,2 t, 40 m,Há»£p Ä‘á»“ng mua bÃ¡n, CÃ³, 0 m,https://nhadat24h.net.vn/storage/product/15044/1-34.jpg, CÃ³," ChÃ­nh chá»§ cho thuÃª NhÃ  1 trá»‡t, 1 gÃ¡c Ä‘Ãºc cho thuÃª á»Ÿ LÃª Táº¥n Quá»‘c, p13, quáº­n TÃ¢n BÃ¬nh", KhÃ´ng,0, 2 m,"ÄÆ°á»ng LÃª Táº¥n Quá»‘c, 13", KhÃ´ng,"ChÃ­nh chá»§ cho thuÃª NhÃ  1 trá»‡t, 1 gÃ¡c Ä‘Ãºc cho thuÃª á»Ÿ LÃª Táº¥n Quá»‘c, p13, quáº­n TÃ¢n BÃ¬nh",1,https://nhadat24h.net.vn/du-an/chinh-chu-cho-thue-nha-1-tret-1-gac-duc-cho-thue-o-le-tan-quoc-p13-quan-tan-binh/278606, 40 m, 0 m,13,TÃ¢n BÃ¬nh,Há»“ ChÃ­ Minh,LÃª Táº¥n Quá»‘c
141, CÃ³,2 pn, MS278540,,None,,3 t, 50 m,Sá»• Äá», CÃ³, 7 m,https://nhadat24h.net.vn/storage/product/12817/z4914591609645-ff5c00713913bec872a3fee36f378eb8.jpg, CÃ³, ChÃ­nh Chá»§ cáº§n nhÆ°á»£ng láº¡i chung cÆ° MiNi táº¡i Quáº­n 7, KhÃ´ng,0, 1 m,"ÄÆ°á»ng A5, TÃ¢n Quy", KhÃ´ng,ChÃ­nh Chá»§ cáº§n nhÆ°á»£ng láº¡i chung cÆ° MiNi táº¡i Quáº­n 7,1,https://nhadat24h.net.vn/du-an/chinh-chu-can-nhuong-lai-chung-cu-mini-tai-quan-7/278540, 50 m, 5 m,TÃ¢n Quy,7,Há»“ ChÃ­ Minh,A5
142, CÃ³,1 pn, MS278272,,None,ÄÃ´ng Báº¯c,2 t, 60 m,Sá»• Äá», CÃ³, 0 m,https://nhadat24h.net.vn/storage/product/15399/9bbd8f68-0b8c-4bd6-9b10-fe3ee9765b4a.jpg, CÃ³, CHO THUÃŠ CÄ‚N Há»˜ 2 NGá»¦ 2 Vá»† SINH Táº I VINHOMES OCEAN PARK FULL Ná»˜I THáº¤T Äáº¸P THOÃNG MÃT TIÃŠN NGHI Äáº¦Y Äá»¦, KhÃ´ng,0, 1 m,"ÄÆ°á»ng Äa Tá»‘n, Äa Tá»‘n", KhÃ´ng,CHO THUÃŠ CÄ‚N Há»˜ 2 NGá»¦ 2 Vá»† SINH Táº I VINHOMES OCEAN PARK FULL Ná»˜I THáº¤T Äáº¸P THOÃNG MÃT TIÃŠN NGHI Äáº¦Y Äá»¦,1,https://nhadat24h.net.vn/du-an/cho-thue-can-ho-2-ngu-2-ve-sinh-tai-vinhomes-ocean-park-full-noi-that-dep-thoang-mat-tien-nghi-day-du/278272, 60 m, 0 m,Äa Tá»‘n,Gia LÃ¢m,HÃ  Ná»™i,Äa Tá»‘n
144, CÃ³,1 pn, MS278302,,None,,0, 21 m,Sá»• Há»“ng, CÃ³, 7 m,https://nhadat24h.net.vn/storage/product/11615/1-14.jpg, CÃ³, Cho thuÃª MB háº»m 63 Nguyá»…n Biá»ƒu  P1Q5. GiÃ¡ 5 triá»‡u, KhÃ´ng,0, 4 m,"ÄÆ°á»ng Nguyá»…n Biá»ƒu, 1", KhÃ´ng,Cho thuÃª MB háº»m 63 Nguyá»…n Biá»ƒu  P1Q5. GiÃ¡ 5 triá»‡u,1,https://nhadat24h.net.vn/du-an/cho-thue-mb-hem-63-nguyen-bieu-p1q5-gia-5-trieu/278302, 21 m, 3 m,01,5,Há»“ ChÃ­ Minh,Nguyá»…n Biá»ƒu
145, CÃ³,2 pn, MS278405,,None,,2 t, 54 m,Sá»• Äá», CÃ³, 11 m,https://nhadat24h.net.vn/storage/product/9324/alphabooks2-500x350.jpg, CÃ³," ChÃ­nh chá»§ cho thuÃª nhÃ  2 táº§ng táº¡i sá»‘ 10 Tráº§n Huy Liá»‡u kÃ©o dÃ i, P. TrÆ°á»ng Thi, Tp Vinh, Nghá»‡ An", KhÃ´ng,0, 5 m,"ÄÆ°á»ng 3/2, TrÆ°á»ng Thi", KhÃ´ng,"ChÃ­nh chá»§ cho thuÃª nhÃ  2 táº§ng táº¡i sá»‘ 10 Tráº§n Huy Liá»‡u kÃ©o dÃ i, P. TrÆ°á»ng Thi, Tp Vinh, Nghá»‡ An",1,https://nhadat24h.net.vn/du-an/chinh-chu-cho-thue-nha-2-tang-tai-so-10-tran-huy-lieu-keo-dai-p-truong-thi-tp-vinh-nghe-an/278405, 54 m, 5 m,TrÆ°á»ng Thi,None,Nghá»‡ An,None
146, CÃ³,1 pn, MS278485,,None,,2 t, 192 m,Há»£p Ä‘á»“ng mua bÃ¡n, CÃ³, 16 m,https://nhadat24h.net.vn/storage/product/11715/z4910016562901-cc22cc4d246206b5a24e9dce8037bca8.jpg, CÃ³," Cáº§n sang gáº¥p hoáº·c cho thuÃª quÃ¡n cafÃ© 2 máº·t tiá»n HT12 â€“ HT13, P.Hiá»‡p ThÃ nh, liÃªn há»‡ 0935033335", KhÃ´ng,0, 15 m,"ÄÆ°á»ng Hiá»‡p ThÃ nh 12, Hiá»‡p ThÃ nh", KhÃ´ng,"Cáº§n sang gáº¥p hoáº·c cho thuÃª quÃ¡n cafÃ© 2 máº·t tiá»n HT12 â€“ HT13, P.Hiá»‡p ThÃ nh, liÃªn há»‡ 0935033335",1,https://nhadat24h.net.vn/du-an/can-sang-gap-hoac-cho-thue-quan-cafe-2-mat-tien-ht12-ht13-phiep-thanh-lien-he-0935033335/278485, 192 m, 12 m,Hiá»‡p ThÃ nh,12,Há»“ ChÃ­ Minh,Hiá»‡p ThÃ nh 12
147, CÃ³,8 pn, MS278335,,None,,8 t, 20 m,Há»£p Ä‘á»“ng mua bÃ¡n, CÃ³, 0 m,https://nhadat24h.net.vn/storage/product/8567/1-8.jpg, CÃ³," Cho thuÃª phÃ²ng á»Ÿ 219/1A Táº¡ Quang Bá»­u, P3, Quáº­n 8", KhÃ´ng,0, 6 m,"ÄÆ°á»ng Táº¡ Quang Bá»­u, 3", KhÃ´ng,"Cho thuÃª phÃ²ng á»Ÿ 219/1A Táº¡ Quang Bá»­u, P3, Quáº­n 8",1,https://nhadat24h.net.vn/du-an/cho-thue-phong-o-2191a-ta-quang-buu-p3-quan-8/278335, 20 m, 0 m,03,8,Há»“ ChÃ­ Minh,Táº¡ Quang Bá»­u
148, KhÃ´ng,0, MS278263,,LiÃªn há»‡ chÃ­nh chá»§: 0977862936,,0, 90 m,Sá»• Äá», CÃ³, 0 m,https://nhadat24h.net.vn/storage/product/14447/z4914293654696-f2652a7bba587a9979c6b747c9527853.jpg, CÃ³," CHÃNH CHá»¦ CHO THUÃŠ NHÃ€ NGUYÃŠN CÄ‚N 11 PHÃ™NG HÆ¯NG ,PHÆ¯á»œNG THANH KHÃŠ TÃ‚Y, QUáº¬N THANH KHÃŠ, TP ÄÃ€ Náº´NG", KhÃ´ng,0, 4.5 m,"ÄÆ°á»ng PhÃ¹ng HÆ°ng, Thanh KhÃª TÃ¢y", KhÃ´ng,"CHÃNH CHá»¦ CHO THUÃŠ NHÃ€ NGUYÃŠN CÄ‚N 11 PHÃ™NG HÆ¯NG ,PHÆ¯á»œNG THANH KHÃŠ TÃ‚Y, QUáº¬N THANH KHÃŠ, TP ÄÃ€ Náº´NG",1,https://nhadat24h.net.vn/du-an/chinh-chu-cho-thue-nha-nguyen-can-11-phung-hung-phuong-thanh-khe-tay-quan-thanh-khe-tp-da-nang/278263, 90 m, 0 m,Thanh KhÃª TÃ¢y,Thanh KhÃª,ÄÃ  Náºµng,PhÃ¹ng HÆ°ng
149, CÃ³,5 pn, MS278264,,None,,3 t, 110 m,Há»£p Ä‘á»“ng mua bÃ¡n, CÃ³, 0 m,https://nhadat24h.net.vn/storage/product/8348/1-21.jpg, CÃ³," CHO THUÃŠ CÄ‚N Há»˜ TRONG NHÃ€ NGUYÃŠN CÄ‚N 5 Táº¦NG 2 Máº¶T TIá»€N - PHá» TRáº¦N QUá»C HOÃ€N, Cáº¦U GIáº¤Y (Gáº§n lÃ ng Quá»‘c Táº¿ ThÄƒng Long)", KhÃ´ng,0, 8 m,"ÄÆ°á»ng Tráº§n Quá»‘c HoÃ n, Dá»‹ch Vá»ng Háº­u", KhÃ´ng,"CHO THUÃŠ CÄ‚N Há»˜ TRONG NHÃ€ NGUYÃŠN CÄ‚N 5 Táº¦NG 2 Máº¶T TIá»€N - PHá» TRáº¦N QUá»C HOÃ€N, Cáº¦U GIáº¤Y (Gáº§n lÃ ng Quá»‘c Táº¿ ThÄƒng Long)",1,https://nhadat24h.net.vn/du-an/cho-thue-can-ho-trong-nha-nguyen-can-5-tang-2-mat-tien-pho-tran-quoc-hoan-cau-giay-gan-lang-quoc-te-thang-long/278264, 110 m, 0 m,Dá»‹ch Vá»ng Háº­u,Cáº§u Giáº¥y,HÃ  Ná»™i,Tráº§n Quá»‘c HoÃ n
